reference,unit,marks,page,also_topics,context_parts,sections,answer_page,insert
"M/J 26/P11/Q1/a,b,c,d",1,12,4,,,1.1,103,
"M/J 26/P11/Q2/a,b,c",5,7,677,,,5.2,739,
M/J 26/P11/Q2/d,7,3,897,,,7.1,923,
"M/J 26/P11/Q3/a,b,c",4,9,439,,,4.2;4.3,599,
"M/J 26/P11/Q4/a,b,c",8,13,954,,,8.1;8.3,1030,
M/J 26/P11/Q4/d,6,5,804,,,6.2,856,
"M/J 26/P11/Q5/a,b,c",1,9,5,,,1.2,103,
"M/J 26/P11/Q6/a,b",3,4,270,,,3.2,359,
"M/J 26/P11/Q7/a,b,c",2,13,176,,,2.1,223,
"M/J 26/P12/Q1/a,b,c,d",1,8,6,,,1.2;1.3,104,
"M/J 26/P12/Q2/a,b,c",6,13,804,,,6.1;6.2,856,
"M/J 26/P12/Q3/a,b,c",8,16,955,,,8.1;8.2;8.3,1030,
"M/J 26/P12/Q4/a,b",1,4,7,,,1.2,105,
"M/J 26/P12/Q5/a,b",1,7,7,,,1.1,105,
"M/J 26/P12/Q6/a,b,c",3,7,271,,,3.1,359,
M/J 26/P12/Q6/d,2,4,176,,,2.1,223,
"M/J 26/P12/Q7/a,b",5,13,678,,,5.1;5.2,739,
"M/J 26/P12/Q8/a,b",3,3,271,,,3.2,360,
M/J 26/P13/Q1,6,5,806,,,6.2,857,
"M/J 26/P13/Q2/a,b",3,3,273,,,3.2,360,
"M/J 26/P13/Q3/a,b,c(i)",1,10,8,,,1.2;1.3,105,
"M/J 26/P13/Q3/c(ii,iii)",2,3,177,,,2.1,224,
"M/J 26/P13/Q4/a,b,c",8,17,956,,,8.1;8.3,1032,
"M/J 26/P13/Q5/a,b,c",5,10,679,,,5.1,740,
"M/J 26/P13/Q6/a,b,c,d",1,8,9,,,1.1,106,
"M/J 26/P13/Q7/a,b,c",4,9,442,,,4.2;4.3,599,
"M/J 26/P13/Q8/a,b,c",3,10,274,,,3.1,360,
M/J 26/P21/Q2/b,5,2,679,12:1,,5.2;12.3,741,
M/J 26/P23/Q2/d,5,2,680,12:1,,5.2;12.3,741,
"O/N 25/P11/Q1/a,b",1,7,10,,,1.1,106,
"O/N 25/P11/Q2/a,b,c,d",8,13,958,,,8.1;8.3,1033,
"O/N 25/P11/Q3/a,b",3,4,275,,,3.2,361,
"O/N 25/P11/Q4/a,b,c,d",4,4,442,,,4.3,600,
"O/N 25/P11/Q5/a,b,c",5,10,682,,,5.1;5.2,741,
"O/N 25/P11/Q6/a,b",4,4,445,,,4.1,600,
O/N 25/P11/Q6/c,3,3,275,,,3.1,361,
"O/N 25/P11/Q7/a,b,c",2,8,177,,,2.1,224,
O/N 25/P11/Q7/d,1,6,10,,,1.2;1.3,107,
O/N 25/P11/Q8/a,6,2,806,,,6.1,857,
"O/N 25/P11/Q8/b,c",7,7,897,,,7.1,923,
O/N 25/P11/Q9,3,3,275,,,3.1,362,
"O/N 25/P11/Q10/a,b",3,4,275,,,3.1,362,
O/N 25/P12/Q1,6,2,807,,,6.2,858,
"O/N 25/P12/Q2/a,b",7,6,898,,,7.1,924,
"O/N 25/P12/Q3/a,b,c",4,10,445,,,4.1;4.2,601,
"O/N 25/P12/Q4/a,b,c,d",8,10,959,,,8.1;8.2;8.3,1034,
"O/N 25/P12/Q5/a,b,c,d",2,10,178,,,2.1,225,
O/N 25/P12/Q5/e,6,3,807,,,6.1,859,
"O/N 25/P12/Q6/a,b,d",1,4,11,,,1.1;1.2;1.3,108,
O/N 25/P12/Q6/c,6,2,808,,,6.2,859,
"O/N 25/P12/Q7/a,b,c",1,4,12,,,1.1,108,
O/N 25/P12/Q8/a,2,4,178,,,2.1,226,
O/N 25/P12/Q8/b(i),3,4,276,,,3.1,363,
O/N 25/P12/Q8/b(ii),5,2,682,,,5.1,742,
"O/N 25/P12/Q9/a,b",3,4,276,,,3.2,363,
O/N 25/P12/Q10/a,5,4,682,,,5.2,743,
O/N 25/P12/Q10/b,7,2,898,,,7.1,924,
O/N 25/P12/Q10/c,6,1,808,,,6.1,860,
O/N 25/P12/Q11,3,3,277,,,3.1,363,
"O/N 25/P13/Q1/a,b,c",1,7,13,,,1.1;1.2,109,
"O/N 25/P13/Q2/a,b,d",1,5,14,,,1.1,110,
O/N 25/P13/Q2/c,4,1,447,,,4.3,602,
"O/N 25/P13/Q3/a,b",3,4,277,,,3.2,364,
"O/N 25/P13/Q4/a,b",2,4,179,,,2.1,226,
O/N 25/P13/Q4/c,3,3,278,,,3.1,365,
"O/N 25/P13/Q5/a,b,c,d",8,16,960,,,8.1;8.2;8.3,1035,
"O/N 25/P13/Q6/a,b,c",4,11,447,,,4.1;4.2;4.3,602,
O/N 25/P13/Q7/a,7,2,898,,,7.1,925,
O/N 25/P13/Q7/b,1,2,14,,,1.2,110,
"O/N 25/P13/Q7/c,e",6,6,808,,,6.2,860,
O/N 25/P13/Q7/d,3,4,278,,,3.1,365,
"O/N 25/P13/Q8/a,b,d",5,8,683,,,5.1;5.2,743,
O/N 25/P13/Q8/c,7,2,899,,,7.1,925,
O/N 25/P21/Q1/c,5,3,683,,,5.2,744,
O/N 25/P21/Q6/a,6,2,810,,,6.2,860,
"M/J 25/P11/Q1/a,b",3,4,278,,,3.2,365,
"M/J 25/P11/Q2/a,c",2,6,179,,,2.1,227,
M/J 25/P11/Q2/b,1,7,15,,,1.3,111,
"M/J 25/P11/Q3/a,b",1,7,16,,,1.1;1.2,111,
M/J 25/P11/Q4/a,7,4,899,,,7.1,925,
M/J 25/P11/Q4/b,3,2,280,,,3.1,366,
"M/J 25/P11/Q5/a,b,c,d,e",8,13,961,,,8.1;8.3,1037,
M/J 25/P11/Q6/a(i),3,4,280,,,3.1,366,
"M/J 25/P11/Q6/a(ii,iii)",4,5,449,,,4.1,602,
M/J 25/P11/Q6/b,5,5,683,,,5.1,744,
"M/J 25/P11/Q7/a,b,c",6,11,811,,,6.1;6.2,860,
"M/J 25/P11/Q8/a,b",4,7,449,,,4.2;4.3,603,
"M/J 25/P12/Q1/a,b,c",4,9,452,,,4.1,604,
"M/J 25/P12/Q2/a,b,c",1,7,17,,,1.1,112,
"M/J 25/P12/Q3/a,b,c",7,12,900,,,7.1,926,
"M/J 25/P12/Q4/a,b",3,4,281,,,3.2,367,
"M/J 25/P12/Q5/a,b,c,d",8,16,962,,,8.1;8.2;8.3,1038,
"M/J 25/P12/Q6/a,b,c,d,e",2,19,180,,,2.1,227,
"M/J 25/P13/Q1/a,b,c",1,14,17,,,1.1;1.2,112,
"M/J 25/P13/Q2/a,b,c",4,10,454,,,4.1,604,
M/J 25/P13/Q3/a,5,4,684,,,5.2,744,
M/J 25/P13/Q3/b,6,4,812,,,6.1,861,
M/J 25/P13/Q3/c,2,4,180,,,2.1,229,
M/J 25/P13/Q3/d,7,3,900,,,7.1,927,
"M/J 25/P13/Q4/a,b",3,4,282,,,3.2,367,
"M/J 25/P13/Q5/a,b",4,9,454,,,4.2;4.3,606,
"M/J 25/P13/Q6/a,b,c,d",8,18,963,,,8.1;8.2;8.3,1040,
M/J 25/P13/Q7/a,4,2,458,,,4.3,607,
"M/J 25/P13/Q7/b,c",1,3,18,,,1.1,113,
"O/N 24/P11/Q1/a,b,c,d",1,7,19,,,1.1,114,
"O/N 24/P11/Q2/a,b,c",8,17,964,,,8.1;8.3,1042,
"O/N 24/P11/Q3/a,b",4,7,458,,,4.1,607,
"O/N 24/P11/Q3/c,d",3,9,283,,,3.1,368,
"O/N 24/P11/Q4/a,c,d",5,11,684,,,5.1;5.2,745,
O/N 24/P11/Q4/b,1,6,19,,,1.3,115,
"O/N 24/P11/Q5/a,b,c",3,6,283,,,3.1;3.2,368,
O/N 24/P11/Q6,7,4,900,,,7.1,927,
"O/N 24/P11/Q7/a,b",7,4,901,,,7.1,927,
"O/N 24/P11/Q8/a,b",4,4,459,,,4.1,608,
"O/N 24/P12/Q1/a,b",3,4,285,,,3.2,369,
"O/N 24/P12/Q2/a,b,c",3,6,285,,,3.1,370,
"O/N 24/P12/Q3/a,b",4,8,460,,,4.1,608,
O/N 24/P12/Q3/c,5,4,685,,,5.1,746,
"O/N 24/P12/Q4/a,b",5,7,685,,,5.1;5.2,746,
O/N 24/P12/Q4/c,6,3,812,,,6.1,862,
"O/N 24/P12/Q5/a,b",7,9,901,,,7.1,928,
"O/N 24/P12/Q6/a,b",8,12,967,,,8.1;8.3,1043,
"O/N 24/P12/Q7/a,b",1,7,20,,,1.2;1.3,115,
"O/N 24/P12/Q8/a,b",4,11,460,,,4.2;4.3,609,
"O/N 24/P12/Q9/a,b",3,4,286,,,3.1,370,
"O/N 24/P13/Q1/a,b,c",3,5,287,,,3.2,371,
"O/N 24/P13/Q2/a,b",3,6,287,,,3.1,371,
O/N 24/P13/Q3,3,3,288,,,3.1,372,
"O/N 24/P13/Q4/a,b,c,d,e",8,19,967,,,8.1;8.2;8.3,1044,
"O/N 24/P13/Q5/a,b",7,6,902,,,7.1,929,
"O/N 24/P13/Q6/a,b,c",1,10,21,,,1.1;1.2;1.3,116,
"O/N 24/P13/Q7/a,b",4,6,463,,,4.2;4.3,610,
"O/N 24/P13/Q8/a,b",1,4,21,,,1.1,117,
O/N 24/P13/Q8/c,4,2,466,,,4.3,610,
"O/N 24/P13/Q9/a,b,c,d",2,14,181,,,2.1,229,
"O/N 24/P22/Q1/b,c",5,5,685,,,5.2,747,
"M/J 24/P11/Q1/a,b",3,3,288,,,3.2,372,
"M/J 24/P11/Q2/a,b,c",3,12,289,,,3.1,372,
M/J 24/P11/Q2/d,1,3,22,,,1.2,117,
M/J 24/P11/Q2/e,2,3,182,,,2.1,230,
"M/J 24/P11/Q3/a,b",5,5,686,,,5.2,747,
"M/J 24/P11/Q4/a,b",4,7,466,,,4.2;4.3,610,
M/J 24/P11/Q5/a,2,4,182,,,2.1,230,
"M/J 24/P11/Q5/b,c(i)",6,8,813,,,6.1;6.2,862,
M/J 24/P11/Q5/c(ii),7,4,902,,,7.1,929,
"M/J 24/P11/Q6/a,b,c",8,15,969,,,8.1;8.2;8.3,1046,
M/J 24/P11/Q7,1,3,22,,,1.1,118,
"M/J 24/P11/Q8/a,b",2,8,183,,,2.1,230,
"M/J 24/P12/Q1/a,b",3,6,290,,,3.2,373,
"M/J 24/P12/Q2/a,b,c",3,10,291,,,3.1,374,
M/J 24/P12/Q2/d,1,7,23,,,1.2;1.3,118,
M/J 24/P12/Q3/a,6,6,814,,,6.1,863,
"M/J 24/P12/Q3/b,c",2,8,184,,,2.1,231,
"M/J 24/P12/Q4/a,b,c,d",8,11,971,,,8.1;8.3,1047,
"M/J 24/P12/Q5/a,b",4,7,470,,,4.2;4.3,611,
M/J 24/P12/Q6,5,4,686,,,5.1,748,
"M/J 24/P12/Q7/a,b,c",1,6,23,,,1.1,118,
"M/J 24/P12/Q8/a,b,c",5,10,686,,,5.1;5.2,748,
"M/J 24/P13/Q1/a,b,c,d",1,9,24,,,1.1,119,
"M/J 24/P13/Q2/a,b,c",1,9,25,,,1.2;1.3,120,
"M/J 24/P13/Q3/a,b",4,7,473,,,4.2;4.3,612,
"M/J 24/P13/Q4/a,b,c,d",8,14,972,,,8.1;8.3,1047,
"M/J 24/P13/Q5/a,b,c,d",2,11,185,,,2.1,232,
M/J 24/P13/Q6,3,3,292,,,3.2,375,
"M/J 24/P13/Q7/a,c,d",3,8,293,,,3.1,375,
M/J 24/P13/Q7/b,7,3,903,,,7.1,930,
M/J 24/P13/Q7/e,5,5,688,,,5.1,749,
M/J 24/P13/Q7/f,6,6,814,,,6.1;6.2,863,
"O/N 23/P11/Q1/a,b,c",1,7,26,,,1.2;1.3,121,
"O/N 23/P11/Q2/a,b,c,d",2,10,186,,,2.1,233,
"O/N 23/P11/Q3/a,b,c",8,11,973,,,8.1;8.3,1049,
"O/N 23/P11/Q4/a,b",3,4,294,,,3.2,376,
"O/N 23/P11/Q5/a,b,c",4,12,476,,,4.1,612,
"O/N 23/P11/Q6/a,b,c",5,9,689,,,5.2,750,
"O/N 23/P11/Q7/a,b,c",3,7,294,,,3.1,377,
"O/N 23/P11/Q8/a,b,c",4,10,476,,,4.2;4.3,613,
"O/N 23/P11/Q9/a,b",3,5,295,,,3.1,377,
"O/N 23/P12/Q1/a,b,c",3,6,295,,,3.1,378,
"O/N 23/P12/Q2/a,b,c",8,11,974,,,8.1;8.2,1050,
"O/N 23/P12/Q3/a,b,c",1,6,27,,,1.1,121,
"O/N 23/P12/Q4/a,b",3,5,296,,,3.2,378,
"O/N 23/P12/Q5/a,b,c",6,6,815,,,6.1,864,
"O/N 23/P12/Q6/a,b,c",1,8,27,,,1.2;1.3,122,
"O/N 23/P12/Q7/a,b,c,d",2,17,187,,,2.1,234,
"O/N 23/P12/Q8/a,b",5,4,689,,,5.1,751,
O/N 23/P12/Q8/c,4,4,479,,,4.1,614,
"O/N 23/P12/Q9/a,b",4,8,479,,,4.2,614,
"O/N 23/P13/Q1/a,b",1,3,28,,,1.2,123,
"O/N 23/P13/Q2/a,b",1,4,28,,,1.2,123,
"O/N 23/P13/Q3/a(i,ii)",2,6,188,,,2.1,236,
"O/N 23/P13/Q3/a(iii),c",6,7,816,,(b) intro,6.1;6.2,864,
O/N 23/P13/Q3/b,8,5,975,,,8.1;8.3,1051,
"O/N 23/P13/Q4/a,b",3,4,297,,,3.2,379,
"O/N 23/P13/Q5/a,b(ii)",5,7,690,,,5.1;5.2,751,
O/N 23/P13/Q5/b(i),1,2,28,,,1.3,124,
"O/N 23/P13/Q6/a,b",7,6,903,,,7.1,930,
"O/N 23/P13/Q7/a,b,c",3,8,298,,,3.1,380,
O/N 23/P13/Q7/d,4,3,482,,,4.1,615,
"O/N 23/P13/Q8/a,b,c",6,7,816,,,6.1;6.2,865,
"O/N 23/P13/Q9/a,b,c,d",4,13,482,,,4.1,615,
"M/J 23/P11/Q1/a,b,c",1,13,29,,,1.2;1.3,124,
"M/J 23/P11/Q2/a,b",8,16,975,,,8.1;8.2;8.3,1052,
"M/J 23/P11/Q3/a,b,c",5,9,690,,,5.1,752,
"M/J 23/P11/Q3/d(i,ii,iii,iv,v)",1,7,30,,,1.1,125,
M/J 23/P11/Q3/d(vi),4,1,484,,,4.3,616,
"M/J 23/P11/Q4/a,b",3,8,298,,,3.1,380,
M/J 23/P11/Q4/c,7,3,903,,,7.1,931,
M/J 23/P11/Q4/d,2,9,189,,,2.1,236,
"M/J 23/P11/Q5/a,b",3,4,299,,,3.2,381,
M/J 23/P11/Q6,4,5,484,,,4.1,617,
"M/J 23/P12/Q1/a,b,c,d,e",2,11,190,,,2.1,236,
"M/J 23/P12/Q2/a,b,c(ii,iii)",8,15,977,,,8.1;8.2;8.3,1054,
M/J 23/P12/Q2/c(i),6,2,817,,,6.2,866,
"M/J 23/P12/Q3/a,b",4,6,485,,,4.2,617,
"M/J 23/P12/Q4/a,b,c",1,5,31,,,1.1,125,
M/J 23/P12/Q4/d,4,1,485,,,4.3,618,
"M/J 23/P12/Q5/a,b,c",4,8,486,,,4.1,618,
M/J 23/P12/Q5/d,5,7,690,,,5.1,752,
"M/J 23/P12/Q6/a,b",3,4,300,,,3.2,381,
"M/J 23/P12/Q7/a,b,c",5,13,691,,,5.1;5.2,753,
M/J 23/P12/Q7/d,7,3,904,,,7.1,931,
"M/J 23/P13/Q1/a,b",3,3,300,,,3.2,382,
"M/J 23/P13/Q2/a,b,c,d,e",2,15,191,,,2.1,237,
M/J 23/P13/Q3/a,3,5,302,,,3.1,383,
M/J 23/P13/Q3/b,7,3,904,,,7.1,931,
M/J 23/P13/Q3/c,1,7,31,,,1.2,126,
"M/J 23/P13/Q4/a,b,c",8,12,979,,,8.1,1055,
M/J 23/P13/Q4/d,6,5,818,,,6.2,866,
M/J 23/P13/Q5/a,5,5,692,,,5.2,754,
M/J 23/P13/Q5/b,7,4,904,,,7.1,932,
"M/J 23/P13/Q6/a,b",6,7,819,,,6.1,866,
M/J 23/P13/Q7/a,1,3,32,,,1.1,127,
"M/J 23/P13/Q7/b,c",4,6,487,,,4.1,619,
M/J 23/P21/Q1/a,5,4,693,,,5.2,754,
M/J 23/P22/Q5/c,5,3,693,,,5.2,755,
M/J 23/P23/Q2/b,6,4,819,,,6.2,867,
"O/N 22/P11/Q1/a,b,c,d",1,11,33,,,1.1;1.2,127,
O/N 22/P11/Q2,6,4,820,,,6.1,868,
"O/N 22/P11/Q3/a,b",3,4,303,,,3.2,383,
"O/N 22/P11/Q4/a,b,c,d",8,15,980,,,8.1;8.3,1056,
"O/N 22/P11/Q5/a,b,c,d",4,11,488,,,4.1,619,
"O/N 22/P11/Q6/a,b,c",4,11,488,,,4.2;4.3,621,
"O/N 22/P11/Q7/a,b",5,4,694,,,5.1,755,
O/N 22/P11/Q7/c,1,3,33,,,1.3,129,
"O/N 22/P11/Q7/d,e",4,4,493,,,4.1,622,
O/N 22/P11/Q8,2,4,191,,,2.1,239,
"O/N 22/P11/Q9/a,b",3,4,303,,,3.1,384,
"O/N 22/P12/Q1/a,b",5,9,695,,,5.1;5.2,756,
"O/N 22/P12/Q2/a,b",1,5,34,,,1.1,129,
"O/N 22/P12/Q3/a,b,c",3,7,304,,,3.1;3.2,384,
"O/N 22/P12/Q4/a,b,c",6,6,820,,,6.2,868,
"O/N 22/P12/Q5/a,b,c,d",8,11,982,,,8.1;8.2;8.3,1057,
O/N 22/P12/Q6/a,6,5,821,,,6.1,869,
O/N 22/P12/Q6/b,1,4,34,,(a) intro,1.2,129,
"O/N 22/P12/Q7/a,b,c",4,12,493,,,4.1;4.2;4.3,623,
"O/N 22/P12/Q8/a,b,c",1,8,34,,,1.2;1.3,129,
O/N 22/P12/Q9,7,2,904,,,7.1,932,
"O/N 22/P12/Q10/a,b",2,6,192,,,2.1,239,
"O/N 22/P13/Q1/a,b",1,4,36,,,1.2,130,
O/N 22/P13/Q1/c,3,3,305,,,3.1,385,
"O/N 22/P13/Q2/a,b,c,d,f",8,12,983,,,8.1;8.2;8.3,1058,
O/N 22/P13/Q2/e,1,2,37,,,1.2,131,
O/N 22/P13/Q3,5,4,696,,,5.1,757,
"O/N 22/P13/Q4/a,b,c",4,7,497,,,4.1,624,
"O/N 22/P13/Q5/a,b",3,5,306,,,3.2,386,
"O/N 22/P13/Q6/a,b,c",4,10,497,,,4.2;4.3,625,
"O/N 22/P13/Q7/a,b,c",2,10,192,,,2.1,240,
"O/N 22/P13/Q8/a,b",7,6,905,,,7.1,932,
"O/N 22/P13/Q9/a,b",1,4,37,,,1.1,131,
"O/N 22/P13/Q10/a,b",3,8,307,,,3.1,386,
"O/N 21/P11/Q1/a,b,c",1,9,38,,,1.1,131,
"O/N 21/P11/Q2/a,b,c",6,9,821,,,6.1;6.2,869,
"O/N 21/P11/Q3/a,b,c",3,8,307,,,3.2,387,
"O/N 21/P11/Q4/a,b(i),c",7,7,905,,,7.1,933,
"O/N 21/P11/Q4/b(ii),d",5,7,697,,,5.2,757,
"O/N 21/P11/Q5/a,b,c",8,10,984,,,8.1;8.2;8.3,1059,
"O/N 21/P11/Q6/a,b",4,8,501,,,4.1;4.3,626,
"O/N 21/P11/Q7/a,b",1,8,39,,,1.2;1.3,132,
"O/N 21/P11/Q8/a,b,c",2,9,194,,,2.1,240,
O/N 21/P12/Q1,6,2,822,,,6.1,870,
"O/N 21/P12/Q2/a,b",3,4,309,,,3.2,388,
O/N 21/P12/Q3/a,3,3,309,,,3.1,389,
O/N 21/P12/Q3/b,2,5,194,,,2.1,241,
"O/N 21/P12/Q4/a,b,c,d,e",1,8,40,,,1.1,132,
"O/N 21/P12/Q5/a,b",1,12,40,,,1.2;1.3,133,
"O/N 21/P12/Q6/a,b,c",8,15,985,,,8.1;8.2;8.3,1060,
O/N 21/P12/Q7/a,4,3,503,,,4.1,627,
"O/N 21/P12/Q7/b,c",5,8,697,,,5.1,758,
"O/N 21/P12/Q8/a,b",4,15,503,,,4.1;4.2;4.3,627,
"O/N 21/P13/Q1/a,b,c",1,9,42,,,1.1,134,
"O/N 21/P13/Q2/a,b,c",6,9,823,,,6.1;6.2,870,
"O/N 21/P13/Q3/a,b,c",3,8,309,,,3.2,389,
"O/N 21/P13/Q4/a,b(i),c",7,7,906,,,7.1,934,
"O/N 21/P13/Q4/b(ii),d",5,7,698,,,5.2,758,
"O/N 21/P13/Q5/a,b,c",8,10,986,,,8.1;8.2;8.3,1061,
"O/N 21/P13/Q6/a,b",4,8,505,,,4.1;4.3,628,
"O/N 21/P13/Q7/a,b",1,8,43,,,1.2;1.3,135,
"O/N 21/P13/Q8/a,b,c",2,9,195,,,2.1,241,
"9608 O/N 21/P11/Q1/a,b,c",1,12,44,,,1.2;1.3,135,
9608 O/N 21/P11/Q2/a,1,3,45,,,1.2,136,
"9608 O/N 21/P11/Q4/a,c",3,4,311,,,3.1,390,
9608 O/N 21/P11/Q5,3,4,312,,,3.2,391,
"9608 O/N 21/P11/Q6/a,b",4,10,508,,,4.1,629,
"9608 O/N 21/P11/Q7/a,b,c",5,12,699,,,5.1,759,
9608 O/N 21/P11/Q8,4,4,508,,,4.2,630,
"9608 O/N 21/P11/Q9/a,b",8,7,988,,,8.1;8.3,1062,
"9608 O/N 21/P11/Q10/a,b",5,4,700,,,5.2,760,
"9608 O/N 21/P11/Q11/a,b",2,5,195,,,2.1,242,
"M/J 21/P11/Q1/a,b,c",1,15,45,,,1.1;1.2;1.3,136,
M/J 21/P11/Q1/d,7,2,906,,,7.1,935,
"M/J 21/P11/Q2/a,b",5,8,701,,,5.1,761,
"M/J 21/P11/Q3/a,b,c",4,13,510,,,4.1;4.2;4.3,630,
"M/J 21/P11/Q4/a,b,c,d",2,14,196,,,2.1,242,
"M/J 21/P11/Q5/a,b,c",3,6,312,,,3.1,392,
"M/J 21/P11/Q6/a,b,c",6,3,824,,,6.2,871,
"M/J 21/P11/Q7/a,b,c",8,11,989,,,8.1;8.2;8.3,1062,
M/J 21/P11/Q8,3,3,313,,,3.2,392,
"M/J 21/P12/Q1/a,b,c",8,16,990,,,8.1;8.3,1063,
"M/J 21/P12/Q2/a,b,c",7,9,907,,,7.1,935,
"M/J 21/P12/Q3/a,b",3,6,314,,,3.2,393,
"M/J 21/P12/Q4/a,b(ii,iii)",4,7,514,,,4.2;4.3,632,
M/J 21/P12/Q4/b(i),1,1,47,,,1.1,137,
"M/J 21/P12/Q5/a,b",4,9,518,,,4.1,633,
"M/J 21/P12/Q5/c,d",2,8,197,,,2.1,244,
"M/J 21/P12/Q6/a,b,c",1,6,48,,,1.1,137,
"M/J 21/P12/Q7/a,b",5,8,702,,,5.1;5.2,761,
"M/J 21/P12/Q8/a,b,c",6,5,825,,,6.1,871,
"M/J 21/P13/Q1/a,b,c",1,15,49,,,1.1;1.2;1.3,138,
M/J 21/P13/Q1/d,7,2,907,,,7.1,936,
"M/J 21/P13/Q2/a,b",5,8,703,,,5.1,762,
"M/J 21/P13/Q3/a,b,c",4,13,518,,,4.1;4.2;4.3,633,
"M/J 21/P13/Q4/a,b,c,d",2,14,198,,,2.1,245,
"M/J 21/P13/Q5/a,b,c",3,6,315,,,3.1,393,
"M/J 21/P13/Q6/a,b,c",6,3,826,,,6.2,871,
"M/J 21/P13/Q7/a,b,c",8,11,992,,,8.1;8.2;8.3,1064,
M/J 21/P13/Q8,3,3,315,,,3.2,394,
9608 M/J 21/P11/Q1,7,3,908,,,7.1,936,
"9608 M/J 21/P11/Q2/a,b,c",1,10,51,,,1.2,139,
9608 M/J 21/P11/Q2/d,6,3,827,,,6.1,871,
"9608 M/J 21/P11/Q3/a,b,d",4,7,522,,,4.1;4.2,635,
9608 M/J 21/P11/Q3/c,1,2,51,,,1.1,139,
"9608 M/J 21/P11/Q4/a,b",3,5,316,,,3.2,394,
"9608 M/J 21/P11/Q5/a,b,c,d",8,13,993,,,8.1;8.3,1066,
"9608 M/J 21/P11/Q7/a,b,c",7,6,909,,,7.1,937,
9608 M/J 21/P11/Q8/a,5,6,704,,,5.2,763,
9608 M/J 21/P11/Q8/b,1,4,53,,,1.3,140,
"9608 M/J 21/P11/Q9/a,b",2,6,199,,,2.1,247,
"9608 M/J 21/P12/Q1/a,b",3,5,317,,,3.2,395,
9608 M/J 21/P12/Q2,4,4,525,,,4.1,636,
"9608 M/J 21/P12/Q3/a,b,d",4,8,525,,,4.2,637,
9608 M/J 21/P12/Q3/c,1,2,53,,,1.1,140,
"9608 M/J 21/P12/Q4/a,b,c",8,14,994,,,8.1;8.3,1067,
9608 M/J 21/P12/Q5/e(ii),6,2,828,,,6.2,872,
"9608 M/J 21/P12/Q6/a,b,c",7,6,910,,,7.1,938,
9608 M/J 21/P12/Q7/a,5,6,704,,,5.1,763,
"9608 M/J 21/P12/Q7/b,c",1,7,55,,,1.2;1.3,140,
"9608 M/J 21/P12/Q8/a,b",6,5,829,,,6.1,872,
"9608 M/J 21/P12/Q9/a,b",2,6,199,,,2.1,248,
"9608 M/J 21/P13/Q1/a,b",6,7,830,,,6.2,872,
"9608 M/J 21/P13/Q2/a,b",3,5,318,,,3.2,395,
"9608 M/J 21/P13/Q3/a,b,d",4,10,528,,,4.1;4.2,638,
9608 M/J 21/P13/Q3/c,1,3,55,,,1.1,140,
"9608 M/J 21/P13/Q4/a(i,iii),b",5,9,705,,,5.1,764,
9608 M/J 21/P13/Q6/b,2,3,199,,,2.1,248,
9608 M/J 21/P13/Q7/a,5,3,706,,,5.2,765,
"9608 M/J 21/P13/Q7/b,c",7,7,911,,,7.1,939,
"9608 M/J 21/P13/Q8/a,b,c,d",8,11,995,,,8.1;8.3,1068,
9608 M/J 21/P13/Q9/a,1,2,57,,,1.2,141,
9608 M/J 21/P21/Q1/a,1,4,57,,,1.1,141,inline
9608 M/J 21/P21/Q4/b,5,2,706,,,5.2,765,inline
9608 M/J 21/P21/Q5/a(ii),6,2,831,,,6.2,873,
9608 M/J 21/P21/Q5/b(iii),5,1,708,,,5.2,765,
9608 M/J 21/P22/Q1/b,1,1,59,,,1.1,141,
9608 M/J 21/P22/Q5/a,5,4,709,,,5.2,765,
"M/J 20/P11/Q1/a,b",6,7,832,,,6.1;6.2,873,
"M/J 20/P11/Q2/a,b",3,10,318,,,3.1,396,
"M/J 20/P11/Q4/a,b,c",1,8,59,,,1.1;1.2,141,
"M/J 20/P11/Q5/a,b",3,7,320,,,3.2,397,
"M/J 20/P11/Q6/a,b",4,9,532,,,4.1;4.2,639,
"M/J 20/P11/Q7/a,b,c,d,e",8,15,996,,,8.1;8.3,1069,
"M/J 20/P11/Q8/a,b",5,6,709,,,5.1;5.2,766,
M/J 20/P11/Q9/a,5,3,710,,,5.1,766,
M/J 20/P11/Q9/b,1,1,60,,,1.3,142,
M/J 20/P12/Q1/a,3,4,321,,,3.1,398,
M/J 20/P12/Q1/b,1,5,60,,,1.2,142,
"M/J 20/P12/Q2/a,b",1,6,61,,,1.2;1.3,143,
"M/J 20/P12/Q2/c(i,ii)",5,6,710,,,5.1,766,
M/J 20/P12/Q2/c(iii),4,4,533,,,4.1,640,
M/J 20/P12/Q3,3,4,321,,,3.2,398,
"M/J 20/P12/Q4/a,b",7,7,911,,,7.1,939,
"M/J 20/P12/Q5/a,c",4,8,533,,,4.2,640,
M/J 20/P12/Q5/b,1,4,62,,,1.1,143,
"M/J 20/P12/Q6/a,b,c",8,13,997,,,8.1;8.3,1070,
"M/J 20/P12/Q7/a,b",2,6,200,,,2.1,249,
M/J 20/P12/Q7/d,6,3,832,,,6.1,873,
"M/J 20/P13/Q1/a,b,c",2,8,201,,,2.1,249,
"M/J 20/P13/Q2/a,b",3,8,322,,,3.1,398,
M/J 20/P13/Q2/c,4,2,536,,,4.1,642,
"M/J 20/P13/Q3/a,b,c",3,10,323,,,3.2,399,
"M/J 20/P13/Q4/a,b",5,8,711,,,5.1;5.2,767,
M/J 20/P13/Q4/c,7,5,912,,,7.1,940,
M/J 20/P13/Q5/a,6,3,833,,,6.1,874,
M/J 20/P13/Q5/b,1,3,62,,,1.3,143,
"M/J 20/P13/Q6/a,b,c",8,14,999,,,8.1;8.2;8.3,1072,
"M/J 20/P13/Q7/b,c,d",1,7,63,,,1.1;1.2,144,
M/J 20/P22/Q1/d,5,3,711,,,5.2,767,
M/J 20/P23/Q1/d,5,2,711,,,5.2,768,
M/J 20/P23/Q5/d(iii),5,2,712,,,5.2,768,
"O/N 19/P11/Q1/a,b,c",4,12,536,,,4.1;4.2,642,
"O/N 19/P11/Q2/a(i,ii,iii)",3,5,324,,,3.1,400,
"O/N 19/P11/Q2/b,c,d",5,12,713,,,5.1;5.2,768,
"O/N 19/P11/Q3/a,b",3,9,324,,,3.2,400,
"O/N 19/P11/Q4/a,c",2,9,202,,,2.1,250,
O/N 19/P11/Q4/d,8,9,1000,,,8.1,1073,
"O/N 19/P11/Q5/a,b,c,d,e",1,13,63,,,1.1;1.2;1.3,144,
"O/N 19/P12/Q1/a,b",5,7,714,,,5.1,769,
"O/N 19/P12/Q2/a,b",3,8,326,,,3.2,401,
"O/N 19/P12/Q4/a,b",8,19,1002,,,8.1;8.3,1074,
O/N 19/P12/Q5/b,5,1,714,,,5.2,770,
O/N 19/P12/Q5/c,7,4,912,,,7.1,940,
"O/N 19/P12/Q6/a,b,c",3,12,326,,,3.1,402,
O/N 19/P12/Q6/d(i),1,4,65,,,1.2,145,
"O/N 19/P12/Q6/e(i,ii)",2,6,202,,,2.1,250,
"O/N 19/P13/Q1/a,b",3,10,328,,,3.1,403,
O/N 19/P13/Q1/c(i),2,4,203,,,2.1,251,
O/N 19/P13/Q1/c(ii),6,3,833,,,6.1,874,
O/N 19/P13/Q2/a,5,6,715,,,5.1,770,
"O/N 19/P13/Q2/b(i,ii)",1,4,65,,,1.2,145,
"O/N 19/P13/Q3/a,b,c",8,13,1003,,,8.1;8.2;8.3,1076,
"O/N 19/P13/Q4/a,b,c,d,e",1,5,65,,,1.1,146,
"O/N 19/P13/Q5/a,b",3,9,330,,,3.2,404,
O/N 19/P13/Q6/b,5,4,715,,,5.1,770,
O/N 19/P13/Q7,4,5,537,,,4.2,643,
O/N 19/P21/Q2/b,5,2,716,,,5.2,771,
O/N 19/P22/Q2/b,5,3,716,,,5.2,771,
O/N 19/P23/Q2/c,5,1,716,,,5.2,771,
"M/J 19/P11/Q1/a,b,c",2,8,204,,,2.1,251,
M/J 19/P11/Q1/d,1,5,66,,,1.3,146,
M/J 19/P11/Q2/a,7,4,913,,,7.1,940,
"M/J 19/P11/Q2/b(i),c",8,11,1005,,,8.1;8.3,1077,
"M/J 19/P11/Q3/a,b",5,10,717,,,5.1;5.2,771,
"M/J 19/P11/Q5/a,b,c",4,12,538,,,4.2,643,
M/J 19/P11/Q6/d,1,5,66,,,1.2,147,
"M/J 19/P12/Q1/a,b,d",2,11,205,,,2.1,252,
"M/J 19/P12/Q2/a,b",5,6,718,,,5.1;5.2,772,
"M/J 19/P12/Q3/a,b,c",4,13,541,,,4.1;4.2,644,
M/J 19/P12/Q3/d,1,3,67,,,1.1,147,
"M/J 19/P12/Q4/a,c",3,10,331,,,3.1,405,
M/J 19/P12/Q4/d,7,5,913,,,7.1,941,
"M/J 19/P12/Q5/a,b(ii,iii)",8,10,1006,,,8.1;8.2,1077,
M/J 19/P12/Q5/b(i),6,2,834,,,6.1,874,
"M/J 19/P12/Q6/a,b",3,9,332,,,3.2,406,
"M/J 19/P13/Q1/a,b",5,11,719,,,5.1,773,
"M/J 19/P13/Q2/a,b,c",6,13,834,,,6.1;6.2,874,
M/J 19/P13/Q2/d,7,3,914,,,7.1,941,
M/J 19/P13/Q2/e,5,3,720,,,5.2,774,
"M/J 19/P13/Q3/a,b,c,d,e",8,23,1006,,,8.1;8.2;8.3,1078,
"M/J 19/P13/Q4/a,b,c",4,12,544,,,4.1;4.2,644,
"M/J 19/P13/Q5/a,c",1,5,68,,,1.2,148,
M/J 19/P22/Q2/b,5,3,720,,,5.2,774,
M/J 19/P23/Q2/d,5,3,720,,,5.2,775,
O/N 18/P11/Q1/a,3,3,332,,,3.1,407,
O/N 18/P11/Q1/b,1,3,69,,,1.2,148,
"O/N 18/P11/Q2/a,b,c",2,11,206,,,2.1,252,
"O/N 18/P11/Q3/a,b",7,6,914,,,7.1,942,
"O/N 18/P11/Q4/a,b,d",4,14,544,,,4.2,646,
O/N 18/P11/Q4/c,1,3,69,,,1.1,148,
"O/N 18/P11/Q5/a,b,c",7,6,915,,,7.1,942,
"O/N 18/P11/Q7/a,b,c,d",8,12,1008,,,8.1;8.3,1080,
"O/N 18/P12/Q1/a,b,c",1,17,70,,,1.2;1.3,149,
"O/N 18/P12/Q2/a,b,c",2,9,207,,,2.1,253,
"O/N 18/P12/Q3/a,b,d",4,15,548,,,4.2,646,
O/N 18/P12/Q3/c,1,3,72,,,1.1,149,
"O/N 18/P12/Q4/a,b,c",4,13,551,,,4.1,649,
"O/N 18/P12/Q5/a,b,c",7,6,916,,,7.1,943,
O/N 18/P12/Q6/a,6,2,835,,,6.1,875,
"O/N 18/P12/Q6/b,c",5,10,721,,,5.1;5.2,775,
"O/N 18/P13/Q1/a,b,c",1,15,72,,,1.2;1.3,149,
"O/N 18/P13/Q2/a,b(iv),c",4,10,553,,,4.2,650,
"O/N 18/P13/Q2/b(i,ii,iii)",1,3,74,,,1.1,150,
"O/N 18/P13/Q3/a,b,c",7,6,917,,,7.1,944,
"O/N 18/P13/Q4/a,b,c",2,10,208,,,2.1,254,
O/N 18/P13/Q5/a,7,5,917,,,7.1,945,
O/N 18/P13/Q5/b,6,3,835,,,6.1,876,
"O/N 18/P13/Q6/a,b",4,6,557,,,4.1,651,
O/N 18/P13/Q6/c,3,5,333,,,3.1,407,
"O/N 18/P13/Q7/a,b",2,4,209,,,2.1,255,
"O/N 18/P13/Q8/a,b",3,8,334,,,3.2,408,
M/J 18/P11/Q1,2,6,210,,,2.1,255,
"M/J 18/P11/Q2/a,b,c,d",1,14,75,,,1.2;1.3,150,
"M/J 18/P11/Q3/a,b",5,12,721,,,5.1,777,
"M/J 18/P11/Q4/a,b",3,7,334,,,3.2,409,
"M/J 18/P11/Q5/a,b",2,7,211,,,2.1,255,
"M/J 18/P11/Q6/a,b,c,d",6,9,836,,,6.2,876,
"M/J 18/P11/Q7/a,b",3,7,336,,,3.1,410,
"M/J 18/P11/Q8/a,b",4,6,557,,,4.1,651,
M/J 18/P11/Q8/c,1,3,76,,,1.1,151,
"M/J 18/P12/Q1/a,b",5,12,723,,,5.1,777,
"M/J 18/P12/Q2/a,b",3,10,337,,,3.2,410,
"M/J 18/P12/Q3/a,b,c",6,7,837,,,6.2,877,
"M/J 18/P12/Q4/a,b",1,8,77,,,1.1,151,
"M/J 18/P12/Q5/a,b,c",1,8,78,,,1.2,152,
"M/J 18/P12/Q7/a,b,c,d",8,17,1009,,,8.1;8.3,1081,
"M/J 18/P13/Q2/a,b,c,d",8,14,1010,,,8.1;8.2;8.3,1083,
"M/J 18/P13/Q3/a,b",4,8,558,,,4.1,651,
M/J 18/P13/Q3/c,1,4,78,,,1.1,152,
"M/J 18/P13/Q4/a,b,c",6,6,838,,,6.2,878,
"M/J 18/P13/Q5/a,b",3,7,338,,,3.2,411,
"M/J 18/P13/Q6/a,b,c,d",1,8,79,,,1.2;1.3,153,
"M/J 18/P13/Q7/a,b,c,d",3,16,340,,,3.1,412,
M/J 18/P21/Q5/b,5,2,724,,,5.2,778,
M/J 18/P22/Q5/b,5,2,724,,,5.2,778,
M/J 18/P23/Q5/b,5,2,725,,,5.2,779,
O/N 17/P12/Q1,5,6,725,,,5.1,779,
"O/N 17/P12/Q2/a,b",5,8,726,,,5.2,780,
"O/N 17/P12/Q3/a,b,c",6,10,839,,,6.1;6.2,878,
"O/N 17/P12/Q4/a,b,d,e",4,18,558,,,4.1;4.2,652,
O/N 17/P12/Q5/a,7,2,918,,,7.1,945,
O/N 17/P12/Q6/b,3,4,340,,,3.1,414,
"O/N 17/P12/Q7/a,b,c,d,e",8,16,1011,,,8.1;8.3,1084,
"O/N 17/P13/Q1/a,b",1,7,80,,,1.1,153,
"O/N 17/P13/Q2/a,b",5,7,727,,,5.2,781,
"O/N 17/P13/Q3/a,b",6,10,840,,,6.1;6.2,880,
"O/N 17/P13/Q4/a,b,c,d",4,17,562,,,4.1;4.2,653,
"O/N 17/P13/Q5/a,b",3,10,341,,,3.1,414,
O/N 17/P13/Q6/a,7,2,919,,,7.1,946,
"O/N 17/P13/Q7/a,b,c,d,e",8,16,1012,,,8.1;8.3,1085,
O/N 17/P22/Q1/b(i),1,2,81,,,1.1,154,
O/N 17/P22/Q4/b,5,6,727,,(a),5.2,781,
"M/J 17/P11/Q1/a,b,c,d",8,15,1014,,,8.1;8.3,1086,
"M/J 17/P11/Q2/a(i),b",3,6,342,,,3.1,415,
"M/J 17/P11/Q3/a,b",1,9,82,,,1.2,154,
"M/J 17/P11/Q4/a,b,c,d(ii)",4,10,566,,,4.2,654,
M/J 17/P11/Q4/d(i),1,2,83,,,1.1,155,
"M/J 17/P11/Q5/a,b",6,10,840,,,6.2,880,
"M/J 17/P11/Q6/a,b",5,7,729,,,5.1,787,
M/J 17/P11/Q7/c(v),6,4,842,,,6.2,881,
"M/J 17/P12/Q1/a,b,c",8,17,1015,,,8.1;8.3,1087,
M/J 17/P12/Q2/c,3,3,343,,,3.1,415,
"M/J 17/P12/Q3/a,b",1,10,84,,,1.2,155,
"M/J 17/P12/Q4/a,b",5,10,730,,,5.1,787,
"M/J 17/P12/Q5/a,b,c(ii)",4,9,567,,,4.2,655,
M/J 17/P12/Q5/c(i),1,2,85,,,1.1,155,
"M/J 17/P12/Q6/a,b",2,6,212,,,2.1,256,
M/J 17/P12/Q6/c(v),6,4,843,,,6.2,882,
"M/J 17/P13/Q1/a,b,c,d",8,15,1017,,,8.1;8.3,1088,
"M/J 17/P13/Q2/a(i),b",3,6,344,,,3.1,416,
"M/J 17/P13/Q3/a,b",1,9,86,,,1.2,156,
"M/J 17/P13/Q4/a,b,c,d(ii)",4,10,569,,,4.2,655,
M/J 17/P13/Q4/d(i),1,2,87,,,1.1,156,
"M/J 17/P13/Q5/a,b",6,10,845,,,6.2,882,
"M/J 17/P13/Q6/a,b",5,7,731,,,5.1,789,
M/J 17/P13/Q7/c(v),6,4,846,,,6.2,883,
"O/N 16/P11/Q1/a,b",8,8,1019,,,8.1,1089,
O/N 16/P11/Q2/a,3,2,345,,,3.1,417,
"O/N 16/P11/Q2/b,c",5,6,732,,,5.1,789,
"O/N 16/P11/Q3/a,b",1,7,88,,,1.1,156,
O/N 16/P11/Q4/(ii),3,2,345,,,3.1,418,
O/N 16/P11/Q5,3,11,345,,,3.2,418,
O/N 16/P11/Q6,2,4,212,,,2.1,256,
O/N 16/P11/Q7/a,5,6,732,,,5.1,791,
O/N 16/P11/Q7/b,1,4,88,,,1.2,157,
O/N 16/P11/Q7/c,6,6,848,,,6.1;6.2,883,
"O/N 16/P11/Q8/a,b",4,9,570,,,4.2,656,
O/N 16/P11/Q8/c,1,4,88,,,1.1,157,
"O/N 16/P12/Q1/a,b",3,10,347,,,3.2,419,
O/N 16/P12/Q3,3,8,348,,,3.1,421,
O/N 16/P12/Q4,1,4,90,,,1.1,159,
"O/N 16/P12/Q5/a,b",4,12,573,,,4.2,656,
"O/N 16/P12/Q6/a,b",3,5,349,,,3.1,422,
O/N 16/P12/Q7,5,4,732,,,5.1,792,
"O/N 16/P12/Q8/a,b",5,10,733,,,5.1,793,
"O/N 16/P12/Q9/a,b,c",8,14,1020,,,8.1;8.3,1091,
"O/N 16/P13/Q1/a,b",8,8,1021,,,8.1,1093,
O/N 16/P13/Q2/a,3,2,349,,,3.1,424,
"O/N 16/P13/Q2/b,c",5,6,733,,,5.1,794,
"O/N 16/P13/Q3/a,b",1,7,91,,,1.1,160,
O/N 16/P13/Q4/(ii),3,2,349,,,3.1,425,
O/N 16/P13/Q5,3,11,349,,,3.2,425,
O/N 16/P13/Q6,2,4,212,,,2.1,257,
O/N 16/P13/Q7/a,5,6,734,,,5.1,795,
O/N 16/P13/Q7/b,1,4,91,,,1.2,160,
O/N 16/P13/Q7/c,6,6,848,,,6.1;6.2,884,
"O/N 16/P13/Q8/a,b",4,9,575,,,4.2,658,
O/N 16/P13/Q8/c,1,4,91,,,1.1,161,
"O/N 16/P21/Q4/a,b",5,5,734,,,5.2,795,
"O/N 16/P23/Q4/a,b",5,5,735,,,5.2,796,
M/J 16/P11/Q1,5,3,735,,,5.2,797,
"M/J 16/P11/Q2/a,b,c,d",1,5,93,,,1.1,162,
"M/J 16/P11/Q3/a,b",4,8,578,,,4.1,658,
"M/J 16/P11/Q4/a,b",1,11,94,,,1.2;1.3,162,
M/J 16/P11/Q5,7,4,919,,,7.1,946,
"M/J 16/P11/Q7/a,b,c",2,7,213,,,2.1,257,
"M/J 16/P11/Q8/a,b",8,21,1022,,,8.1;8.2;8.3,1094,
"M/J 16/P11/Q9/a,b",4,10,578,,,4.2,659,
M/J 16/P12/Q1,5,3,736,,,5.2,798,
"M/J 16/P12/Q2/a,b,c,d",1,5,95,,,1.1,163,
"M/J 16/P12/Q3/a,b",4,8,581,,,4.1,661,
"M/J 16/P12/Q4/a,b",1,11,96,,,1.2;1.3,164,
M/J 16/P12/Q5,7,4,920,,,7.1,947,
"M/J 16/P12/Q7/a,b,c",2,7,214,,,2.1,258,
"M/J 16/P12/Q8/a,b",8,21,1023,,,8.1;8.2;8.3,1096,
"M/J 16/P12/Q9/a,b",4,10,582,,,4.2,661,
M/J 16/P13/Q1,5,4,736,,,5.2,798,
"M/J 16/P13/Q2/a,b,c,d",1,6,97,,,1.1,165,
"M/J 16/P13/Q3/a,b,c",7,8,920,,,7.1,947,
"M/J 16/P13/Q4/a,b",4,8,584,,,4.2,664,
"M/J 16/P13/Q5/a,b,c,d",8,23,1024,,,8.1;8.2;8.3,1099,
"M/J 16/P13/Q6/a,b,c,d,e",2,16,215,,,2.1,260,
"M/J 16/P13/Q7/a,b",6,10,849,,,6.1,884,
"O/N 15/P11/Q1/a,b,c",2,10,216,,,2.1,261,
"O/N 15/P11/Q2/a,b",4,7,588,,,4.1,665,
"O/N 15/P11/Q3/a,b(i)",2,5,216,,,2.1,262,
O/N 15/P11/Q4,7,6,921,,,7.1,949,
O/N 15/P11/Q5,3,7,351,,,3.1,426,
O/N 15/P11/Q6,2,4,217,,,2.1,263,
"O/N 15/P11/Q7/a,b",2,5,218,,,2.1,263,
"O/N 15/P11/Q8/a,b",1,9,97,,,1.2,166,
"O/N 15/P11/Q9/a,b",6,6,849,,,6.2,885,
"O/N 15/P11/Q10/a,b",6,4,849,,,6.1,886,
O/N 15/P11/Q11,5,5,737,,,5.2,799,
"O/N 15/P13/Q1/a,b,c",2,10,219,,,2.1,264,
"O/N 15/P13/Q2/a,b",4,7,589,,,4.1,665,
"O/N 15/P13/Q3/a,b(i)",2,5,219,,,2.1,265,
O/N 15/P13/Q4,7,6,922,,,7.1,951,
O/N 15/P13/Q5,3,7,351,,,3.1,427,
O/N 15/P13/Q6,2,4,220,,,2.1,266,
"O/N 15/P13/Q7/a,b",2,5,221,,,2.1,266,
"O/N 15/P13/Q8/a,b",1,9,99,,,1.2,168,
"O/N 15/P13/Q9/a,b",6,6,850,,,6.2,886,
"O/N 15/P13/Q10/a,b",6,4,850,,,6.1,887,
O/N 15/P13/Q11,5,5,737,,,5.2,800,
O/N 15/P21/Q2,5,5,738,,,5.2,801,
O/N 15/P21/Q7/c,6,2,850,,(b),6.2,887,
O/N 15/P23/Q2,5,5,738,,,5.2,801,
O/N 15/P23/Q7/c,6,2,851,,(b),6.2,888,
M/J 15/P11/Q1,1,4,100,,,1.1,169,
"M/J 15/P11/Q2/a,c",1,9,100,,,1.2;1.3,169,
M/J 15/P11/Q3,4,4,590,,,4.2,666,
M/J 15/P11/Q4/a,3,3,352,,,3.1,427,
M/J 15/P11/Q4/b,6,4,853,,,6.2,889,
"M/J 15/P11/Q5/b,c(i,iii)",2,5,221,,,2.1,267,
M/J 15/P11/Q6/b,6,3,853,,(a),6.1,890,
"M/J 15/P11/Q7/a,b",3,9,352,,,3.2,428,
"M/J 15/P11/Q8/a,b,c",4,11,591,,,4.1,667,
"M/J 15/P11/Q9/a,b,c",8,10,1026,,,8.1,1101,
M/J 15/P12/Q1,1,4,101,,,1.1,171,
"M/J 15/P12/Q2/a,c",1,9,101,,,1.2;1.3,172,
M/J 15/P12/Q3,4,4,592,,,4.2,669,
M/J 15/P12/Q4/a,3,3,354,,,3.1,430,
M/J 15/P12/Q4/b,6,4,854,,,6.2,892,
"M/J 15/P12/Q5/b,c(i,iii)",2,5,222,,,2.1,268,
M/J 15/P12/Q6/b,6,3,854,,(a),6.1,893,
"M/J 15/P12/Q7/a,b",3,9,354,,,3.2,431,
"M/J 15/P12/Q8/a,b,c",4,11,593,,,4.1,670,
"M/J 15/P12/Q9/a,b,c",8,10,1027,,,8.1,1105,
"M/J 15/P13/Q1/a,b",1,7,102,,,1.1,173,
M/J 15/P13/Q2,4,5,594,,,4.2,672,
"M/J 15/P13/Q3/a,b,c",6,11,855,,,6.1;6.2,894,
"M/J 15/P13/Q4/a,b,c",3,10,356,,,3.1,434,
"M/J 15/P13/Q5/a,b,c,d",4,17,595,,,4.1;4.2,673,
"M/J 15/P13/Q6/a,b,c",3,12,356,,,3.2,436,
"M/J 15/P13/Q7/a,b",4,13,595,,,4.2,674,
M/J 15/P23/Q4/b(ii),6,2,855,,,6.2,895,
