reference,unit,marks,page,also_topics,context_parts
"M/J 26/P21/Q1/a,c,d",3,9,138,,
M/J 26/P21/Q1/b,1,5,5,,
M/J 26/P21/Q1/e,2,3,74,,
"M/J 26/P21/Q2/a,c(i)",12,2,583,,
M/J 26/P21/Q2/b(i),7,1,333,,
M/J 26/P21/Q2/b(ii),8,2,392,,
M/J 26/P21/Q2/c(ii),4,4,213,,
"M/J 26/P21/Q3/a,b,c,e,f",11,8,536,,
M/J 26/P21/Q3/d,6,2,307,,
"M/J 26/P21/Q4/a(i),b(i,iii)",16,5,841,,
M/J 26/P21/Q4/a(ii),6,1,307,,
M/J 26/P21/Q4/b(ii),17,1,901,,(a) intro
M/J 26/P21/Q4/c,18,2,956,,
"M/J 26/P21/Q5/a,c",13,4,606,,
"M/J 26/P21/Q5/b,d",14,5,709,,
M/J 26/P21/Q5/e,15,1,795,,
M/J 26/P21/Q5/f,20,1,1010,,
M/J 26/P21/Q5/g,22,4,1066,,
M/J 26/P22/Q1/a,1,2,5,,
M/J 26/P22/Q1/b,3,2,139,,
"M/J 26/P22/Q1/c,d",9,5,430,,
M/J 26/P22/Q1/e(i),7,2,333,,
M/J 26/P22/Q1/e(ii),8,3,392,,
"M/J 26/P22/Q2/a,b",1,6,6,,
M/J 26/P22/Q3/a,7,3,334,11:1,
"M/J 26/P22/Q3/b,c,d",11,5,537,,(a)(i)
"M/J 26/P22/Q4/a,b(i)",16,4,843,,
"M/J 26/P22/Q4/b(ii,iii)",2,2,74,,
M/J 26/P22/Q4/c,6,4,308,17:2,(b) intro
"M/J 26/P22/Q5/a,b(i,ii)",13,4,607,,
"M/J 26/P22/Q5/b(iii,iv),c",14,5,709,,
"M/J 26/P22/Q6/a,b(ii)",13,5,608,,
M/J 26/P22/Q6/b(i),14,2,711,,(a) intro
"M/J 26/P22/Q6/c(i,ii)",22,4,1067,,(a) intro
M/J 26/P22/Q6/c(iii),17,2,902,,(a) intro
M/J 26/P23/Q1/a,9,4,430,,
"M/J 26/P23/Q1/b,c,d",11,8,538,,
M/J 26/P23/Q2/a,1,2,7,,
"M/J 26/P23/Q2/b,c",4,7,213,,
M/J 26/P23/Q3/a,5,2,256,,
"M/J 26/P23/Q3/b,c,d",7,11,334,,
"M/J 26/P23/Q4/a(i,ii),b,c(iii),d(i)",16,8,843,,
M/J 26/P23/Q4/a(iii),17,1,903,,Fig. 4.1
"M/J 26/P23/Q4/c(i,ii)",13,4,609,,Fig. 4.1
M/J 26/P23/Q4/d(ii),6,1,309,,(c) intro;Fig. 4.1
M/J 26/P23/Q5/a(i),13,2,610,,
"M/J 26/P23/Q5/a(ii),b(ii,iii)",14,5,712,,
M/J 26/P23/Q5/b(i),1,1,7,,
M/J 26/P23/Q5/c,22,4,1068,,
M/J 26/P24/Q1/a,1,3,8,,
M/J 26/P24/Q1/b,2,1,74,,
"M/J 26/P24/Q1/c,d",3,4,140,,
M/J 26/P24/Q2/a(i),3,2,141,,
M/J 26/P24/Q2/a(ii),12,2,583,,
"M/J 26/P24/Q2/b(i),d,e",8,6,392,,
"M/J 26/P24/Q2/b(ii),c",7,11,335,,
"M/J 26/P24/Q3/a,b",9,7,431,,
M/J 26/P24/Q3/c,10,2,503,,
"M/J 26/P24/Q4/a,b",16,4,846,,
M/J 26/P24/Q4/c,22,2,1069,,
M/J 26/P24/Q4/d(i),21,2,1033,,
M/J 26/P24/Q4/d(ii),19,1,992,,
"M/J 26/P24/Q5/a,b(iii),d,e,f",14,10,713,,
"M/J 26/P24/Q5/b(i,ii)",20,2,1010,,
M/J 26/P24/Q5/c,13,1,610,,
MAR 26/P22/Q1/a,1,6,8,,
"MAR 26/P22/Q1/b,c",10,6,503,,
MAR 26/P22/Q1/d,11,2,538,,
MAR 26/P22/Q2/a(i),13,1,610,,
MAR 26/P22/Q2/a(ii),3,1,141,,
MAR 26/P22/Q2/b,4,4,214,,
MAR 26/P22/Q2/c,12,4,583,,
MAR 26/P22/Q2/d(i),5,2,257,,
MAR 26/P22/Q2/d(ii),8,1,394,,Fig. 2.3
"MAR 26/P22/Q3/a,d",15,3,795,,
MAR 26/P22/Q3/b,13,5,611,,
MAR 26/P22/Q3/c,14,3,714,,
MAR 26/P22/Q3/e,16,3,847,,(d)
"MAR 26/P22/Q4/a(i,ii,iii)",7,5,337,,
MAR 26/P22/Q4/a(iv),19,1,992,,
MAR 26/P22/Q4/b,3,3,141,,
MAR 26/P22/Q4/c,15,4,796,,
MAR 26/P22/Q4/d,13,6,611,18:1;20:1;22:2,
"O/N 25/P21/Q2/a,b,c",9,9,431,,
O/N 25/P21/Q2/d,10,2,503,,
O/N 25/P21/Q3/a,2,1,74,,
"O/N 25/P21/Q3/b,c(i)",13,3,613,,
"O/N 25/P21/Q3/c(ii,iii),d(i),e(i)",14,5,715,,
O/N 25/P21/Q3/d(ii),5,2,258,,
O/N 25/P21/Q3/e(ii),22,2,1070,,
O/N 25/P21/Q4/a,16,5,848,18:1;15:2,
"O/N 25/P21/Q4/b(i,iii,iv)",20,6,1011,,
"O/N 25/P21/Q4/b(ii),c(i)",13,3,614,,
"O/N 25/P21/Q4/c(ii,iii)",22,2,1072,,
"O/N 25/P22/Q2/a,b,c,d",9,10,433,,
O/N 25/P22/Q2/e,7,6,338,,
O/N 25/P22/Q2/f,10,4,504,,
"O/N 25/P22/Q3/a,d(i)",13,4,614,,
"O/N 25/P22/Q3/b,c,e(i,iii)",14,5,716,,
O/N 25/P22/Q3/d(ii),3,3,142,,
O/N 25/P22/Q3/e(ii),5,2,259,,
"O/N 25/P22/Q4/a(i,ii)",14,4,717,,
"O/N 25/P22/Q4/a(iii,iv,v)",13,4,615,,
O/N 25/P22/Q4/b,15,1,796,,
O/N 25/P22/Q4/c,16,2,848,,
O/N 25/P22/Q4/d(i),18,1,956,,
"O/N 25/P22/Q4/d(ii,iii)",22,4,1072,,
"O/N 25/P23/Q2/a,b,c",9,9,434,,
O/N 25/P23/Q2/d,10,2,504,,
O/N 25/P23/Q3/a,2,1,75,,
"O/N 25/P23/Q3/b,c(i)",13,3,616,,
"O/N 25/P23/Q3/c(ii,iii),d(i),e(i)",14,5,718,,
O/N 25/P23/Q3/d(ii),5,2,260,,
O/N 25/P23/Q3/e(ii),22,2,1074,,
O/N 25/P23/Q4/a,16,5,849,18:1;15:2,
"O/N 25/P23/Q4/b(i,iii,iv)",20,6,1012,,
"O/N 25/P23/Q4/b(ii),c(i)",13,3,616,,
"O/N 25/P23/Q4/c(ii,iii)",22,2,1076,,
"O/N 25/P24/Q1/a(i,iii),b(i,ii),c",11,11,539,,
"O/N 25/P24/Q1/a(ii),d",9,5,435,,
"O/N 25/P24/Q1/b(iii,iv)",5,4,261,,
O/N 25/P24/Q1/b(v),3,2,142,,
O/N 25/P24/Q2/a,4,3,214,,
O/N 25/P24/Q2/b,7,5,339,,
O/N 25/P24/Q2/c(i),8,1,394,,(b) intro
O/N 25/P24/Q2/c(ii),16,1,849,,(b) intro
O/N 25/P24/Q2/c(iii),9,1,436,,(b) intro
"O/N 25/P24/Q3/a(i,ii,iii),b(i)",16,4,850,,
O/N 25/P24/Q3/a(iv),13,1,617,,
"O/N 25/P24/Q3/b(ii,iii)",15,5,797,,
O/N 25/P24/Q3/b(iv),2,1,75,,
O/N 25/P24/Q4/a,14,11,718,13:4;22:2,
O/N 25/P24/Q4/b(i),15,1,798,,(a)(v)
O/N 25/P24/Q4/b(ii),19,1,993,,(a)(v)
O/N 25/P24/Q4/b(iii),18,3,957,,(a)(v)
"M/J 25/P21/Q1/a(i,iii),d",4,4,215,,
M/J 25/P21/Q1/a(ii),3,1,142,,
"M/J 25/P21/Q1/b,c",9,6,436,,
"M/J 25/P21/Q2/a,b(ii),c,d,e",1,9,9,,
M/J 25/P21/Q2/b(i),2,2,76,,
M/J 25/P21/Q3/a,8,6,395,,
"M/J 25/P21/Q3/b,c",7,4,340,,
"M/J 25/P21/Q4/a,b(i,ii)",2,4,77,,
M/J 25/P21/Q4/b(iii),6,1,310,,
M/J 25/P21/Q4/b(iv),14,2,720,,
M/J 25/P21/Q4/c,22,2,1077,,(b) intro
"M/J 25/P21/Q5/a,b,c(i),e(i,ii)",18,7,958,,
"M/J 25/P21/Q5/c(ii),d(ii),e(iii)",16,3,851,,
M/J 25/P21/Q5/d(i),21,2,1033,,
"M/J 25/P21/Q6/a,b,c(i,ii)",17,6,904,,
M/J 25/P21/Q6/c(iii),16,1,852,,
"M/J 25/P22/Q1/a,d",4,8,216,,
"M/J 25/P22/Q1/b,c",9,8,437,,
M/J 25/P22/Q2/a,2,4,78,,
"M/J 25/P22/Q2/b,c,d,e",1,6,10,,
M/J 25/P22/Q3/a(i),13,1,617,,
"M/J 25/P22/Q3/a(ii,iii),e",14,8,721,,
"M/J 25/P22/Q3/b,d",8,5,396,,
M/J 25/P22/Q3/c,5,2,261,,
M/J 25/P22/Q4/a,18,2,958,,
"M/J 25/P22/Q4/b(i),c(ii,iii),d",16,6,853,,
M/J 25/P22/Q4/b(ii),15,1,798,,
"M/J 25/P22/Q4/b(iii,iv)",19,3,993,,
M/J 25/P22/Q4/c(i),13,1,617,,
"M/J 25/P22/Q5/a,b(i,ii)",2,4,79,,
M/J 25/P22/Q5/b(iii),22,1,1077,,
"M/J 25/P23/Q1/a,b",1,10,11,,
"M/J 25/P23/Q2/a,b,c(i),e",9,5,438,,
M/J 25/P23/Q2/c(ii),4,2,217,,
M/J 25/P23/Q2/d,7,1,340,,
"M/J 25/P23/Q3/a(i),b(i)",14,2,721,,
M/J 25/P23/Q3/a(ii),12,2,583,,
"M/J 25/P23/Q3/b(ii,iii)",8,3,397,,
M/J 25/P23/Q4/a,8,7,397,,
M/J 25/P23/Q4/b,3,4,143,,
M/J 25/P23/Q5/a(i),2,1,80,,
M/J 25/P23/Q5/a(ii),21,4,1034,,
M/J 25/P23/Q5/b(i),13,2,618,,(a) intro
"M/J 25/P23/Q5/b(ii,iii,iv)",18,3,959,,(a) intro
M/J 25/P23/Q5/b(v),22,2,1079,,(a) intro;Fig. 5.3
"M/J 25/P23/Q5/b(vi),c",20,2,1013,,(a) intro
M/J 25/P23/Q6/a(i),13,1,618,,
"M/J 25/P23/Q6/a(ii,iii)",11,2,540,,
M/J 25/P23/Q6/b,14,4,722,,
M/J 25/P23/Q6/c(i),15,1,799,,
"M/J 25/P23/Q6/c(ii,iii)",19,2,994,,
M/J 25/P24/Q1/a,4,3,217,,
"M/J 25/P24/Q1/b,d",9,4,439,,
M/J 25/P24/Q1/c,1,7,11,,
M/J 25/P24/Q2/a,3,2,144,,
"M/J 25/P24/Q2/b(i,iii)",9,3,439,,
M/J 25/P24/Q2/b(ii),6,2,310,,
M/J 25/P24/Q3/a,2,3,80,,
"M/J 25/P24/Q3/b,c",7,4,341,,
M/J 25/P24/Q3/d(i),3,1,144,,
"M/J 25/P24/Q3/d(ii,iii)",11,3,540,,(c)
M/J 25/P24/Q4/a,13,1,619,,
"M/J 25/P24/Q4/b,c,d(ii)",18,6,960,,
M/J 25/P24/Q4/d(i),19,1,994,,
M/J 25/P24/Q4/d(iii),21,3,1035,,
"M/J 25/P24/Q5/a,b,c",13,5,619,,
M/J 25/P24/Q5/d,14,2,722,,
"M/J 25/P24/Q6/a(i,ii)",2,3,81,,
M/J 25/P24/Q6/a(iii),13,1,619,,
M/J 25/P24/Q6/b,4,2,217,,
M/J 25/P24/Q6/c,22,4,1082,,
MAR 25/P22/Q1/a,6,8,311,7:2;2:2;4:2,
"MAR 25/P22/Q1/b(i,iii,iv,v)",9,4,440,,
MAR 25/P22/Q1/b(ii),3,1,144,,
MAR 25/P22/Q1/c(i),13,1,620,,
MAR 25/P22/Q1/c(ii),15,1,799,,
MAR 25/P22/Q1/d,22,2,1083,,
MAR 25/P22/Q2/a,3,2,145,,
"MAR 25/P22/Q2/b,c",1,11,12,,
MAR 25/P22/Q2/d,10,4,504,,
"MAR 25/P22/Q3/a,b,c",11,8,541,,
MAR 25/P22/Q3/d,14,7,723,3:1;13:1,
MAR 25/P22/Q4/a,21,5,1036,,
MAR 25/P22/Q4/b(i),17,4,905,,
MAR 25/P22/Q4/b(ii),19,1,994,,
MAR 25/P22/Q4/b(iii),13,1,620,,
"O/N 24/P21/Q1/a,b",1,6,14,,
"O/N 24/P21/Q1/c,d(i)",2,6,81,,
"O/N 24/P21/Q1/d(ii,iii,iv)",13,4,621,,
"O/N 24/P21/Q2/a,c(i)",11,5,542,,
O/N 24/P21/Q2/b(i),13,1,621,,
"O/N 24/P21/Q2/b(ii,iii)",14,3,724,,
"O/N 24/P21/Q2/c(ii,iii)",6,2,311,,
O/N 24/P21/Q2/c(iv),15,2,799,,
"O/N 24/P21/Q3/a(i,ii),e(iii)",4,6,218,,
"O/N 24/P21/Q3/a(iii),d",3,4,145,,
"O/N 24/P21/Q3/b(i,ii)",10,2,504,,
O/N 24/P21/Q3/b(iii),7,2,341,,
O/N 24/P21/Q3/c,1,3,15,,
"O/N 24/P21/Q3/e(i,ii),f",9,3,440,,
"O/N 24/P21/Q4/a(i),c,d,e",17,7,906,,
O/N 24/P21/Q4/a(ii),13,1,622,,
O/N 24/P21/Q4/b,19,1,995,,
O/N 24/P21/Q4/f,22,2,1083,,
"O/N 24/P22/Q1/a,b(i)",1,5,16,,
"O/N 24/P22/Q1/b(ii,iii)",2,4,82,,Table 1.1
"O/N 24/P22/Q2/a(i,iii),b(i)",9,6,441,,
"O/N 24/P22/Q2/a(ii),c",3,4,146,,
O/N 24/P22/Q2/b(ii),19,1,995,,
O/N 24/P22/Q2/b(iii),14,2,724,,
O/N 24/P22/Q2/b(iv),16,2,853,,
"O/N 24/P22/Q3/a(i,ii,iii),b(iii),f(ii)",12,6,584,,
"O/N 24/P22/Q3/a(iv,v)",10,2,505,,
"O/N 24/P22/Q3/b(i,ii)",6,2,312,,
"O/N 24/P22/Q3/b(iv),f(i)",3,3,146,,
O/N 24/P22/Q3/c,1,3,17,,
"O/N 24/P22/Q3/d,e",4,3,219,,
"O/N 24/P23/Q1/a,b",1,6,18,,
"O/N 24/P23/Q1/c,d(i)",2,6,83,,
"O/N 24/P23/Q1/d(ii,iii,iv)",13,4,622,,
"O/N 24/P23/Q2/a,c(i)",11,5,542,,
O/N 24/P23/Q2/b(i),13,1,623,,
"O/N 24/P23/Q2/b(ii,iii)",14,3,724,,
"O/N 24/P23/Q2/c(ii,iii)",6,2,312,,
O/N 24/P23/Q2/c(iv),15,2,799,,
"O/N 24/P23/Q3/a(i,ii),e(iii)",4,6,220,,
"O/N 24/P23/Q3/a(iii),d",3,4,147,,
"O/N 24/P23/Q3/b(i,ii)",10,2,505,,
O/N 24/P23/Q3/b(iii),7,2,341,,
O/N 24/P23/Q3/c,1,3,19,,
"O/N 24/P23/Q3/e(i,ii),f",9,3,441,,
"O/N 24/P23/Q4/a(i),c,d,e",17,7,907,,
O/N 24/P23/Q4/a(ii),13,1,623,,
O/N 24/P23/Q4/b,19,1,996,,
O/N 24/P23/Q4/f,22,2,1085,,
"M/J 24/P21/Q1/a,b,c,d",11,10,543,,
M/J 24/P21/Q2/a,9,2,442,,
M/J 24/P21/Q2/b,3,4,148,,
M/J 24/P21/Q2/c,7,4,342,6:1;10:1,
M/J 24/P21/Q2/d(i),2,1,84,,
M/J 24/P21/Q2/d(ii),4,1,221,,
"M/J 24/P21/Q3/a,b,c",7,9,343,,
"M/J 24/P21/Q4/a,b",5,6,262,,
M/J 24/P21/Q5/a,3,1,148,,
"M/J 24/P21/Q5/b,c(i)",13,4,624,,
M/J 24/P21/Q5/c(ii),14,4,725,,
M/J 24/P21/Q6/a,13,5,624,,
"M/J 24/P21/Q6/b(i),c(ii)",17,2,908,,(a) intro
M/J 24/P21/Q6/b(ii),14,1,726,,(a) intro
"M/J 24/P21/Q6/c(i,iv)",22,4,1086,,
M/J 24/P21/Q6/c(iii),16,2,854,,
"M/J 24/P22/Q1/a,b",1,5,20,,
M/J 24/P22/Q1/c,3,1,148,,
"M/J 24/P22/Q1/d,e,f",9,9,442,,
"M/J 24/P22/Q2/a,b",5,8,262,,
M/J 24/P22/Q2/c,10,2,505,,
"M/J 24/P22/Q3/a,b",7,9,344,,
M/J 24/P22/Q3/c,1,1,20,,
M/J 24/P22/Q3/d,3,2,149,,
"M/J 24/P22/Q4/a,e",13,7,625,,
"M/J 24/P22/Q4/b,d",15,5,800,,
M/J 24/P22/Q4/c,21,3,1037,,
M/J 24/P23/Q1/a(i),12,2,584,,
M/J 24/P23/Q1/a(ii),3,4,149,,
"M/J 24/P23/Q1/b,c",9,5,443,,
M/J 24/P23/Q1/d(i),6,1,312,,
M/J 24/P23/Q1/d(ii),10,1,505,,
"M/J 24/P23/Q2/a,b(i),c",7,7,345,,
M/J 24/P23/Q2/b(ii),8,2,399,,
M/J 24/P23/Q2/d,12,5,585,,
"M/J 24/P23/Q3/a,b",5,4,264,,
M/J 24/P23/Q3/c(i),4,1,221,,
M/J 24/P23/Q3/c(ii),2,2,84,,
M/J 24/P23/Q4/a,3,2,149,,
M/J 24/P23/Q4/b(i),7,1,345,,
M/J 24/P23/Q4/b(ii),12,1,585,,
"M/J 24/P23/Q4/c,d,e(i,ii),f",15,11,800,,
M/J 24/P23/Q4/e(iii),13,1,625,,
"M/J 24/P23/Q5/a,b(ii)",14,2,727,,
M/J 24/P23/Q5/b(i),15,2,802,,(a)
M/J 24/P23/Q5/c,22,2,1087,,(a);(b) intro
"M/J 24/P23/Q5/d(i,ii)",19,2,996,,(a);(b) intro
"M/J 24/P23/Q5/d(iii,iv)",18,2,960,,(a);(b) intro
MAR 24/P22/Q1/a,3,1,150,,
"MAR 24/P22/Q1/b(i),c,d(i)",6,4,313,,
MAR 24/P22/Q1/b(ii),4,2,221,,
MAR 24/P22/Q1/d(ii),14,1,727,,
"MAR 24/P22/Q1/d(iii,iv)",17,5,909,,
MAR 24/P22/Q1/e,2,3,85,,
"MAR 24/P22/Q2/a,c(ii)",9,5,444,,
MAR 24/P22/Q2/b,11,5,544,,
MAR 24/P22/Q2/c(i),3,2,150,,
MAR 24/P22/Q2/d(i),14,4,728,,
MAR 24/P22/Q2/d(ii),15,1,803,,
MAR 24/P22/Q2/d(iii),20,1,1014,,
"MAR 24/P22/Q3/a,b",12,5,586,,
MAR 24/P22/Q3/c(i),5,2,264,,
"MAR 24/P22/Q3/c(ii,iii)",8,3,399,,
MAR 24/P22/Q3/d,3,5,151,,
MAR 24/P22/Q4/a,13,2,626,,
MAR 24/P22/Q4/b(i),14,1,729,,
MAR 24/P22/Q4/b(ii),15,1,803,,
MAR 24/P22/Q4/b(iii),19,1,997,,
MAR 24/P22/Q4/c,22,6,1089,18:2,
"O/N 23/P21/Q1/a,b",1,10,21,,
O/N 23/P21/Q1/c,11,3,545,,
O/N 23/P21/Q1/d(i),4,2,222,,
O/N 23/P21/Q1/d(ii),9,1,445,,
O/N 23/P21/Q1/d(iii),3,2,152,,
O/N 23/P21/Q1/e,5,4,265,,
"O/N 23/P21/Q2/a,b",10,7,506,,
O/N 23/P21/Q2/c,18,3,962,,
"O/N 23/P21/Q3/a,c",6,2,313,,
O/N 23/P21/Q3/b,8,2,400,,
O/N 23/P21/Q3/d,4,3,222,,
"O/N 23/P21/Q3/e(i,ii)",16,4,855,,
O/N 23/P21/Q3/e(iii),13,1,626,,
"O/N 23/P21/Q4/a(i,ii,iii)",13,3,627,,
"O/N 23/P21/Q4/a(iv),c",14,7,729,,
O/N 23/P21/Q4/a(v),20,1,1014,,
O/N 23/P21/Q4/b,22,2,1091,,
O/N 23/P21/Q4/d,21,3,1037,,(c) intro;(c)(i)
O/N 23/P22/Q1/a,9,4,445,,
O/N 23/P22/Q1/b,1,9,22,9:1;3:1,
"O/N 23/P22/Q2/a,b,c",7,6,346,,
"O/N 23/P22/Q2/d,e(ii,iii)",12,5,587,,
O/N 23/P22/Q2/e(i),13,1,627,,
O/N 23/P22/Q2/f,10,3,507,,
O/N 23/P22/Q3/a(i),9,2,446,,
O/N 23/P22/Q3/a(ii),7,2,347,,
"O/N 23/P22/Q3/b(i,ii)",5,4,266,,
O/N 23/P22/Q3/b(iii),6,2,314,,
O/N 23/P22/Q3/c(i),14,1,730,,
O/N 23/P22/Q3/c(ii),16,1,856,,
"O/N 23/P22/Q3/c(iii),d(i)",18,2,963,,
"O/N 23/P22/Q3/c(iv),d(ii)",22,5,1091,,
"O/N 23/P22/Q4/a(i,ii)",13,2,628,,
O/N 23/P22/Q4/a(iii),3,3,153,,
O/N 23/P22/Q4/b(i),14,3,731,,
O/N 23/P22/Q4/b(ii),16,1,857,,
O/N 23/P22/Q4/b(iii),21,4,1039,,
"O/N 23/P23/Q1/a,b",1,10,23,,
O/N 23/P23/Q1/c,11,3,546,,
O/N 23/P23/Q1/d(i),4,2,223,,
O/N 23/P23/Q1/d(ii),9,1,446,,
O/N 23/P23/Q1/d(iii),3,2,154,,
O/N 23/P23/Q1/e,5,4,267,,
"O/N 23/P23/Q2/a,b",10,7,508,,
O/N 23/P23/Q2/c,18,3,964,,
"O/N 23/P23/Q3/a,c",6,2,314,,
O/N 23/P23/Q3/b,8,2,400,,
O/N 23/P23/Q3/d,4,3,223,,
"O/N 23/P23/Q3/e(i,ii)",16,4,858,,
O/N 23/P23/Q3/e(iii),13,1,628,,
"O/N 23/P23/Q4/a(i,ii,iii)",13,3,629,,
"O/N 23/P23/Q4/a(iv),c",14,7,731,,
O/N 23/P23/Q4/a(v),20,1,1015,,
O/N 23/P23/Q4/b,22,2,1093,,
O/N 23/P23/Q4/d,21,3,1039,,(c) intro;(c)(i)
"M/J 23/P21/Q1/a,b,c,d",1,9,24,,
M/J 23/P21/Q1/e,3,2,155,,
M/J 23/P21/Q1/f,9,2,447,,
"M/J 23/P21/Q2/a,b(ii),c(ii)",5,6,268,,
M/J 23/P21/Q2/b(i),2,1,85,,
M/J 23/P21/Q2/c(i),10,2,509,,
"M/J 23/P21/Q3/a,b",9,6,447,,
M/J 23/P21/Q3/c,11,2,546,,
M/J 23/P21/Q3/d,14,4,733,,
M/J 23/P21/Q3/e,15,1,804,,
M/J 23/P21/Q3/f,22,2,1093,,
M/J 23/P21/Q4/a,17,2,910,,
"M/J 23/P21/Q4/b(i),c",16,3,859,,
M/J 23/P21/Q4/b(ii),2,1,86,,
M/J 23/P21/Q4/b(iii),13,2,629,,
M/J 23/P21/Q5/a,14,4,733,,
M/J 23/P21/Q5/b,12,6,587,,(a) intro
M/J 23/P21/Q5/c,18,5,965,,
"M/J 23/P22/Q1/a(i,ii)",4,2,224,,
M/J 23/P22/Q1/a(iii),9,2,448,,
M/J 23/P22/Q1/b,3,8,155,,
"M/J 23/P22/Q2/a,b,c",9,6,449,,
"M/J 23/P22/Q2/d,e(i)",11,3,547,,
M/J 23/P22/Q2/e(ii),6,1,314,,
M/J 23/P22/Q2/e(iii),2,3,86,,
M/J 23/P22/Q3/a(i),15,1,804,,
"M/J 23/P22/Q3/a(ii),c",13,3,630,,
M/J 23/P22/Q3/a(iii),19,1,998,,
M/J 23/P22/Q3/a(iv),18,2,966,,
M/J 23/P22/Q3/b,16,1,860,,
M/J 23/P22/Q4/a,5,2,269,,
"M/J 23/P22/Q4/b,c(i)",7,3,348,,
"M/J 23/P22/Q4/c(ii,iii,vi)",14,5,733,,
"M/J 23/P22/Q4/c(iv,v)",8,3,401,,Fig. 4.2
M/J 23/P22/Q4/d,13,2,630,,
"M/J 23/P22/Q5/a,c",13,4,631,,
M/J 23/P22/Q5/b,17,3,911,,
"M/J 23/P22/Q5/d(i,ii,iii)",18,3,966,,
M/J 23/P22/Q5/d(iv),22,2,1093,,(c) intro
M/J 23/P23/Q1/a(i),4,1,224,,
M/J 23/P23/Q1/a(ii),3,1,156,,
M/J 23/P23/Q1/b,2,3,87,,
M/J 23/P23/Q1/c,22,1,1095,,
"M/J 23/P23/Q1/d(i,ii)",6,2,315,,
M/J 23/P23/Q1/d(iii),1,1,25,,
"M/J 23/P23/Q2/a,c",9,9,450,,
M/J 23/P23/Q2/b,10,1,509,,
"M/J 23/P23/Q3/a,b(ii),c(ii)",5,6,270,,
M/J 23/P23/Q3/b(i),2,1,87,,
M/J 23/P23/Q3/c(i),18,1,967,,
M/J 23/P23/Q4/a,11,3,547,,
"M/J 23/P23/Q4/b,c",7,7,349,,
M/J 23/P23/Q5/a,2,1,88,,
"M/J 23/P23/Q5/b,d",17,5,912,,
M/J 23/P23/Q5/c,13,2,632,,
M/J 23/P23/Q6/a,20,1,1015,,
"M/J 23/P23/Q6/b(i,ii)",17,4,913,,
"M/J 23/P23/Q6/b(iii),f(i)",16,2,860,,
M/J 23/P23/Q6/b(iv),22,1,1095,,
"M/J 23/P23/Q6/c,d",13,4,632,,
"M/J 23/P23/Q6/e,f(ii)",19,3,998,,(b) intro
"MAR 23/P22/Q1/a,b,e(i)",3,8,156,,
MAR 23/P22/Q1/c,1,3,25,,
"MAR 23/P22/Q1/d(i,ii)",9,2,451,,
MAR 23/P22/Q1/d(iii),10,1,509,,
MAR 23/P22/Q1/e(ii),4,3,225,,Table 1.2
MAR 23/P22/Q2/a,3,3,157,,
"MAR 23/P22/Q2/b,c",10,3,510,,
MAR 23/P22/Q2/d(i),11,2,547,,
MAR 23/P22/Q2/d(ii),2,3,88,,
"MAR 23/P22/Q3/a(i,ii,iii),c",13,5,633,,
MAR 23/P22/Q3/a(iv),2,1,88,,
MAR 23/P22/Q3/b,17,9,913,13:1,
MAR 23/P22/Q3/d(i),8,2,402,,
MAR 23/P22/Q3/d(ii),7,1,349,,
MAR 23/P22/Q3/d(iii),5,2,271,,
MAR 23/P22/Q3/d(iv),3,1,157,,
"MAR 23/P22/Q4/a(i),b(i),c(i)",15,3,805,,
MAR 23/P22/Q4/a(ii),20,1,1015,,
"MAR 23/P22/Q4/a(iii),b(ii)",16,3,861,,
MAR 23/P22/Q4/c(ii),19,1,999,,
MAR 23/P22/Q4/d,22,3,1097,,
"O/N 22/P21/Q1/a(i),b",1,6,26,,
"O/N 22/P21/Q1/a(ii,iii)",2,4,89,,
O/N 22/P21/Q2/a,3,2,157,,
O/N 22/P21/Q2/b,10,4,510,,
"O/N 22/P21/Q2/c,d",11,3,547,,
O/N 22/P21/Q3/a,9,4,451,,
O/N 22/P21/Q3/b,11,1,548,,
O/N 22/P21/Q3/c,16,2,862,,
O/N 22/P21/Q3/d,3,11,157,4:2;5:2;7:1;13:2,
O/N 22/P21/Q5/a(i),14,1,735,,
"O/N 22/P21/Q5/a(ii,iii)",17,3,915,,
O/N 22/P21/Q5/a(iv),18,1,967,,
"O/N 22/P21/Q5/b,c",22,4,1098,,
"O/N 22/P22/Q1/a,c(iii)",3,4,159,,
O/N 22/P22/Q1/b,1,3,26,,
O/N 22/P22/Q1/c(i),7,1,350,,
O/N 22/P22/Q1/c(ii),12,1,588,,
O/N 22/P22/Q1/d,2,3,89,,
O/N 22/P22/Q1/e,15,5,806,,
"O/N 22/P22/Q2/a,b",9,7,452,,
"O/N 22/P22/Q2/c(i),e(ii),f(i)",3,6,160,,
O/N 22/P22/Q2/c(ii),7,1,350,,
"O/N 22/P22/Q2/d,f(ii)",4,5,226,,
O/N 22/P22/Q2/e(i),11,2,548,,
"O/N 22/P22/Q3/a(i),d",21,11,1041,,
"O/N 22/P22/Q3/a(ii,iii,iv)",13,3,634,,
O/N 22/P22/Q3/b,20,3,1016,,(a) intro
O/N 22/P22/Q3/c,22,5,1099,14:1,
"O/N 22/P23/Q1/a(i),b",1,6,27,,
"O/N 22/P23/Q1/a(ii,iii)",2,4,90,,
O/N 22/P23/Q2/a,3,2,160,,
O/N 22/P23/Q2/b,10,4,511,,
"O/N 22/P23/Q2/c,d",11,3,548,,
O/N 22/P23/Q3/a,9,4,452,,
O/N 22/P23/Q3/b,11,1,549,,
O/N 22/P23/Q3/c,16,2,862,,
O/N 22/P23/Q3/d,3,11,161,4:2;5:2;7:1;13:2,
O/N 22/P23/Q5/a(i),14,1,735,,
"O/N 22/P23/Q5/a(ii,iii)",17,3,916,,
O/N 22/P23/Q5/a(iv),18,1,968,,
"O/N 22/P23/Q5/b,c",22,4,1102,,
"M/J 22/P21/Q1/a,d,e(iii)",1,5,28,,
"M/J 22/P21/Q1/b,c",10,3,512,,
"M/J 22/P21/Q1/e(i,ii)",2,3,90,,
M/J 22/P21/Q1/f(i),9,1,453,,
M/J 22/P21/Q1/f(ii),5,3,272,,
M/J 22/P21/Q1/g,8,2,402,,
M/J 22/P21/Q2/a,3,3,162,,
"M/J 22/P21/Q2/b,c",12,4,588,,
M/J 22/P21/Q2/d,7,5,351,,
M/J 22/P21/Q3/a,13,2,635,,
"M/J 22/P21/Q3/b,c(ii,iii)",14,7,736,,
M/J 22/P21/Q3/c(i),17,1,917,,
"M/J 22/P21/Q3/d(i,ii)",16,5,862,,(c) intro
M/J 22/P21/Q3/d(iii),9,2,454,,(c) intro
"M/J 22/P21/Q4/a,b(ii)",2,4,91,,
M/J 22/P21/Q4/b(i),18,2,968,,
"M/J 22/P21/Q4/c(i,ii)",17,2,918,,
M/J 22/P21/Q4/c(iii),13,3,636,,
M/J 22/P21/Q4/d,22,3,1103,,
M/J 22/P22/Q1/a,4,2,226,,
"M/J 22/P22/Q1/b(i,ii)",6,2,315,,
"M/J 22/P22/Q1/b(iii,iv)",5,5,272,,
M/J 22/P22/Q2/a,4,1,226,,
M/J 22/P22/Q2/b,3,1,162,,
M/J 22/P22/Q2/c,10,6,512,,
M/J 22/P22/Q2/d,11,3,549,,
"M/J 22/P22/Q3/a,c",7,7,352,,
M/J 22/P22/Q3/b,5,2,273,,(a) intro
M/J 22/P22/Q3/d,11,3,550,,
"M/J 22/P22/Q4/a,b(i,ii)",13,5,637,,
M/J 22/P22/Q4/b(iii),1,1,29,,
M/J 22/P22/Q4/c,20,2,1017,,
"M/J 22/P22/Q5/a,b,c(i)",15,10,806,,
M/J 22/P22/Q5/c(ii),19,1,1000,,
"M/J 22/P22/Q5/c(iii,iv)",18,2,969,,
"M/J 22/P22/Q6/a,c(iii)",18,3,970,,
M/J 22/P22/Q6/b,2,1,91,,
"M/J 22/P22/Q6/c(i,ii)",22,3,1104,,
"M/J 22/P23/Q1/a,b,c,d,e",1,10,30,,
M/J 22/P23/Q1/f(i),2,1,91,,
M/J 22/P23/Q1/f(ii),4,2,227,,
M/J 22/P23/Q2/a,9,6,455,,
M/J 22/P23/Q2/b,11,4,550,,
M/J 22/P23/Q3/a(i),3,1,162,,
M/J 22/P23/Q3/a(ii),5,2,273,,
M/J 22/P23/Q3/a(iii),7,2,353,,
"M/J 22/P23/Q3/a(iv,v)",8,4,403,,
M/J 22/P23/Q3/b,13,5,637,,
M/J 22/P23/Q3/c,17,2,919,,
M/J 22/P23/Q4/a,14,5,737,,
"M/J 22/P23/Q4/b(i,ii,iii,v)",15,6,808,,
M/J 22/P23/Q4/b(iv),16,1,864,,
M/J 22/P23/Q5/a(i),14,1,737,,
M/J 22/P23/Q5/a(ii),16,3,864,,
M/J 22/P23/Q5/b,22,5,1105,,
"MAR 22/P22/Q1/a,b,c",1,9,31,,
"MAR 22/P22/Q2/a(i),c(ii)",6,2,315,,
"MAR 22/P22/Q2/a(ii),b(i,ii),c(iv)",9,4,456,,
MAR 22/P22/Q2/b(iii),8,3,404,,
MAR 22/P22/Q2/c(i),4,2,227,,
MAR 22/P22/Q2/c(iii),5,1,274,,
"MAR 22/P22/Q2/d(i,ii)",12,2,588,,
MAR 22/P22/Q2/d(iii),7,2,354,,
"MAR 22/P22/Q3/a,b(ii),c",11,6,551,,
MAR 22/P22/Q3/b(i),9,1,456,,
MAR 22/P22/Q3/d,7,5,355,,
"MAR 22/P22/Q3/e(i,ii)",14,6,737,,
MAR 22/P22/Q3/e(iii),15,2,809,,
MAR 22/P22/Q4/a(i),17,3,920,,
MAR 22/P22/Q4/a(ii),13,2,639,,
MAR 22/P22/Q4/b(i),18,2,971,,
MAR 22/P22/Q4/b(ii),20,2,1017,,
MAR 22/P22/Q4/b(iii),22,1,1106,,
MAR 22/P22/Q4/b(iv),21,5,1043,,
"O/N 21/P21/Q2/a(i,ii,iii)",10,3,513,,
O/N 21/P21/Q2/c,3,3,163,,
O/N 21/P21/Q2/d(i),2,2,92,,
O/N 21/P21/Q2/d(ii),21,3,1044,,
O/N 21/P21/Q3/a(i),4,3,227,,
O/N 21/P21/Q3/a(ii),5,1,274,,
O/N 21/P21/Q3/b(i),6,1,316,,
O/N 21/P21/Q3/b(ii),9,2,457,,
O/N 21/P21/Q3/c,13,5,639,2:1;21:2,
O/N 21/P21/Q3/d,14,2,738,,
"O/N 21/P21/Q4/a(i,ii)",16,3,865,,
O/N 21/P21/Q4/a(iii),14,1,738,,
O/N 21/P21/Q4/a(iv),8,1,405,,
O/N 21/P21/Q4/b,22,3,1107,,
O/N 21/P21/Q4/c,18,3,971,16:1,(b)
O/N 21/P21/Q4/d,3,1,164,,(b)
"O/N 21/P22/Q1/a,f(i)",3,6,165,,
O/N 21/P22/Q1/b,5,2,275,,
"O/N 21/P22/Q1/c,f(iii,iv)",7,7,356,,
O/N 21/P22/Q1/d,6,3,316,,
O/N 21/P22/Q1/e,4,2,227,,
O/N 21/P22/Q1/f(ii),9,1,457,,
O/N 21/P22/Q1/g,14,5,739,,
"O/N 21/P22/Q2/a(i,iv),b,c,d(i,ii)",9,9,457,,
"O/N 21/P22/Q2/a(ii,iii,v)",1,6,32,,
O/N 21/P22/Q2/d(iii),3,2,165,,
"O/N 21/P22/Q3/a,b,c,e(iv)",13,6,641,,
O/N 21/P22/Q3/d(i),14,1,739,,
"O/N 21/P22/Q3/d(ii),e(i,iii)",17,4,921,,
O/N 21/P22/Q3/d(iii),22,2,1108,,
O/N 21/P22/Q3/e(ii),6,1,317,,(d) intro
O/N 21/P22/Q3/e(v),16,1,866,,(d) intro
"O/N 21/P22/Q3/e(vi,vii)",20,2,1018,,(d) intro
"O/N 21/P23/Q2/a(i,ii,iii)",10,3,514,,
O/N 21/P23/Q2/c,3,3,166,,
O/N 21/P23/Q2/d(i),2,2,93,,
O/N 21/P23/Q2/d(ii),21,3,1045,,
O/N 21/P23/Q3/a(i),4,3,228,,
O/N 21/P23/Q3/a(ii),5,1,275,,
O/N 21/P23/Q3/b(i),6,1,318,,
O/N 21/P23/Q3/b(ii),9,2,459,,
O/N 21/P23/Q3/c,13,5,642,2:1;21:2,
O/N 21/P23/Q3/d,14,2,740,,
"O/N 21/P23/Q4/a(i,ii)",16,3,867,,
O/N 21/P23/Q4/a(iii),14,1,740,,
O/N 21/P23/Q4/a(iv),8,1,406,,
O/N 21/P23/Q4/b,22,3,1109,,
O/N 21/P23/Q4/c,18,3,972,16:1,(b)
O/N 21/P23/Q4/d,3,1,167,,(b)
"M/J 21/P21/Q1/a,b(i)",2,8,94,,
"M/J 21/P21/Q1/b(ii,iii)",10,2,514,,
"M/J 21/P21/Q2/a,b",3,5,168,,
"M/J 21/P21/Q2/c,d",4,6,228,,
"M/J 21/P21/Q3/a,b,c,d",11,8,552,,
M/J 21/P21/Q4/a,6,1,318,,
"M/J 21/P21/Q4/b,c",8,6,406,,
M/J 21/P21/Q4/d,3,2,169,,
M/J 21/P21/Q5/a(i),13,1,643,,
"M/J 21/P21/Q5/b,c(ii)",14,4,741,,
M/J 21/P21/Q5/c(i),18,1,974,,
"M/J 21/P21/Q5/d,e",20,3,1019,,(c) intro
"M/J 21/P21/Q6/a,b,d",14,7,742,,
M/J 21/P21/Q6/c,13,2,643,,
M/J 21/P21/Q6/e,15,3,809,,
"M/J 21/P22/Q1/a,b,d(i),e",11,6,553,,
M/J 21/P22/Q1/c,2,3,94,,
M/J 21/P22/Q1/d(ii),6,1,318,,
"M/J 21/P22/Q1/f(i),g",10,5,515,,
M/J 21/P22/Q1/f(ii),1,1,32,,
"M/J 21/P22/Q2/a(i),b,c(iii,iv)",3,7,170,,
"M/J 21/P22/Q2/a(ii),c(i,ii)",4,6,229,,
"M/J 21/P22/Q3/a,b",8,5,408,,
"M/J 21/P22/Q3/c,d",15,6,810,,
M/J 21/P22/Q4/a,13,5,644,,
M/J 21/P22/Q4/b,14,4,742,,(a) intro
"M/J 21/P22/Q4/c,d",16,3,868,,
"M/J 21/P22/Q5/a,b(i)",13,2,644,,
M/J 21/P22/Q5/b(ii),16,1,868,,
M/J 21/P22/Q5/b(iii),15,2,810,,
M/J 21/P22/Q5/b(iv),19,2,1000,,
M/J 21/P22/Q5/b(v),22,1,1110,,
"M/J 21/P23/Q1/a,b,c",11,6,554,,
M/J 21/P23/Q1/d,7,2,357,,
M/J 21/P23/Q1/e,2,3,95,,
M/J 21/P23/Q1/f,6,2,319,,
M/J 21/P23/Q2/a,3,3,170,,
M/J 21/P23/Q2/c,7,6,357,,
M/J 21/P23/Q3/a,9,6,460,,
M/J 21/P23/Q3/c,2,3,95,,
M/J 21/P23/Q4/a(i),13,1,645,,
"M/J 21/P23/Q4/a(ii,iii)",17,2,922,,
M/J 21/P23/Q4/b,16,4,869,,
M/J 21/P23/Q4/c,21,5,1045,,(a) intro
M/J 21/P23/Q5/a,18,3,974,,
M/J 21/P23/Q5/b(i),21,2,1047,,
M/J 21/P23/Q5/b(ii),16,2,869,,
"M/J 21/P23/Q5/c,d",13,3,645,,
"MAR 21/P22/Q1/a,c(ii)",8,5,409,,
MAR 21/P22/Q1/b,4,7,229,,
MAR 21/P22/Q1/c(i),5,2,276,,
"MAR 21/P22/Q2/a,c(i,iii),d(ii)",11,5,555,,
"MAR 21/P22/Q2/b,g(iii)",1,4,33,,
"MAR 21/P22/Q2/c(ii),d(i)",6,2,319,,
MAR 21/P22/Q2/e(i),3,2,171,,
MAR 21/P22/Q2/e(ii),9,2,460,,
MAR 21/P22/Q2/f(i),4,1,230,,
MAR 21/P22/Q2/f(ii),2,2,95,,
"MAR 21/P22/Q2/g(i,ii,iv,v,vi)",14,5,743,,
MAR 21/P22/Q3/a(i),5,2,276,,
MAR 21/P22/Q3/a(ii),12,1,589,,
MAR 21/P22/Q3/b(i),7,2,358,,
MAR 21/P22/Q3/b(ii),3,2,171,,
MAR 21/P22/Q3/c,22,2,1111,,
MAR 21/P22/Q3/d,19,4,1001,,
MAR 21/P22/Q4/a,13,2,646,,
"MAR 21/P22/Q4/b,d(i,ii)",17,4,923,,
MAR 21/P22/Q4/c,16,3,870,,
MAR 21/P22/Q4/d(iii),14,1,744,,
"O/N 20/P21/Q1/a,b,c",1,6,34,,
"O/N 20/P21/Q2/a(i,ii),b(ii),e",9,8,461,,
O/N 20/P21/Q2/a(iii),4,1,230,,
"O/N 20/P21/Q2/b(i),d(iii)",7,6,358,,
O/N 20/P21/Q2/b(iii),12,1,589,,
O/N 20/P21/Q2/c(i),10,1,515,,
O/N 20/P21/Q2/c(ii),5,2,277,,
O/N 20/P21/Q2/d(i),3,1,171,,
O/N 20/P21/Q2/d(ii),6,1,319,,
"O/N 20/P21/Q3/a(i,ii,iv)",3,4,172,,
O/N 20/P21/Q3/a(iii),1,1,34,,
O/N 20/P21/Q3/b,9,1,461,,
O/N 20/P21/Q3/c,16,11,870,17:4;19:1;22:2,
"O/N 20/P21/Q4/a(i,ii,iv)",11,4,555,,
O/N 20/P21/Q4/a(iii),3,2,172,,
O/N 20/P21/Q4/b(i),16,1,872,,
O/N 20/P21/Q4/b(ii),14,1,744,,
O/N 20/P21/Q4/c,17,8,923,13:2;15:2;14:1,
"O/N 20/P22/Q1/a,b(i,ii,iii),c",1,9,34,,
"O/N 20/P22/Q2/a,b,c,e,g",9,9,462,,
"O/N 20/P22/Q2/d,f",4,5,230,,
"O/N 20/P22/Q3/a(i),b",9,4,463,,
"O/N 20/P22/Q3/a(ii),d(iii)",4,5,231,,
O/N 20/P22/Q3/c(i),17,1,925,,
O/N 20/P22/Q3/c(ii),13,2,646,,
O/N 20/P22/Q3/c(iii),14,1,745,,
O/N 20/P22/Q3/d(i),3,2,172,,
O/N 20/P22/Q3/d(ii),7,2,358,,
"O/N 20/P22/Q4/a(i,ii,iii,v)",16,5,872,,
"O/N 20/P22/Q4/a(iv),b(ii,iii,iv)",17,5,925,,
O/N 20/P22/Q4/b(i),13,1,647,,
O/N 20/P22/Q4/c,21,3,1048,,
O/N 20/P22/Q4/d,22,3,1111,21:1,
"O/N 20/P23/Q1/a,b,c",1,6,36,,
"O/N 20/P23/Q2/a(i,ii),b(ii),e",9,8,464,,
O/N 20/P23/Q2/a(iii),4,1,231,,
"O/N 20/P23/Q2/b(i),d(iii)",7,6,359,,
O/N 20/P23/Q2/b(iii),12,1,590,,
O/N 20/P23/Q2/c(i),10,1,516,,
O/N 20/P23/Q2/c(ii),5,2,277,,
O/N 20/P23/Q2/d(i),3,1,173,,
O/N 20/P23/Q2/d(ii),6,1,319,,
"O/N 20/P23/Q3/a(i,ii,iv)",3,4,173,,
O/N 20/P23/Q3/a(iii),1,1,36,,
O/N 20/P23/Q3/b,9,1,464,,
O/N 20/P23/Q3/c,16,11,873,17:4;19:1;22:2,
"O/N 20/P23/Q4/a(i,ii,iv)",11,4,556,,
O/N 20/P23/Q4/a(iii),3,2,173,,
O/N 20/P23/Q4/b(i),16,1,875,,
O/N 20/P23/Q4/b(ii),14,1,745,,
O/N 20/P23/Q4/c,17,8,926,13:2;15:2;14:1,
M/J 20/P21/Q1/a(i),1,1,36,,
M/J 20/P21/Q1/a(ii),2,1,96,,
"M/J 20/P21/Q1/b(i),c",9,5,465,,
M/J 20/P21/Q1/b(ii),3,1,174,,
M/J 20/P21/Q2/a,6,5,320,,
M/J 20/P21/Q2/b,2,4,96,,(a) intro;(a)(i)
M/J 20/P21/Q4/a,12,1,590,,
M/J 20/P21/Q4/c,3,3,174,,
"M/J 20/P21/Q5/a(i,ii),b(i),d",14,7,746,,
M/J 20/P21/Q5/a(iii),18,2,975,,
M/J 20/P21/Q5/b(ii),13,1,647,,
M/J 20/P21/Q5/c(i),17,1,927,,
M/J 20/P21/Q5/c(ii),15,1,811,,
"M/J 20/P21/Q6/a,g(i)",13,2,648,,
"M/J 20/P21/Q6/b,c",14,3,747,,
M/J 20/P21/Q6/d,17,2,928,,
M/J 20/P21/Q6/e,22,2,1113,,
"M/J 20/P21/Q6/f,g(ii)",18,3,975,,
"M/J 20/P22/Q1/a,b",2,4,97,,
M/J 20/P22/Q1/c,1,3,37,,
M/J 20/P22/Q1/d,3,2,175,,
M/J 20/P22/Q1/e,9,3,466,,
"M/J 20/P22/Q3/a,b",13,3,648,,
M/J 20/P22/Q3/c,8,4,410,,
M/J 20/P22/Q3/d,5,5,278,,
"M/J 20/P22/Q4/a(i,ii),b,c(i,ii)",15,7,811,,
M/J 20/P22/Q4/a(iii),11,2,556,,
"M/J 20/P22/Q4/c(iii,iv)",13,3,649,,
M/J 20/P22/Q5/a,21,6,1049,,
M/J 20/P22/Q5/b(i),17,3,929,,
"M/J 20/P22/Q5/b(ii),c",19,3,1002,,
MAR 20/P22/Q1/a(i),10,1,516,,
"MAR 20/P22/Q1/a(ii),f",7,6,360,,
MAR 20/P22/Q1/b,4,2,231,,
MAR 20/P22/Q1/c,8,1,411,,
MAR 20/P22/Q1/d,3,1,175,,
MAR 20/P22/Q1/e,9,2,466,,
MAR 20/P22/Q1/g(i),6,1,320,,
"MAR 20/P22/Q1/g(ii,iii,iv)",5,5,279,,
"MAR 20/P22/Q2/a,b(i),c,d(ii)",11,9,557,,
MAR 20/P22/Q2/b(ii),9,2,467,,
MAR 20/P22/Q2/d(i),3,2,175,,
MAR 20/P22/Q2/e(i),8,1,411,,
"MAR 20/P22/Q2/e(ii,iii)",16,2,875,,
MAR 20/P22/Q2/e(iv),15,1,812,,
MAR 20/P22/Q3/a(i),16,2,875,,
"MAR 20/P22/Q3/a(ii,iii)",17,2,930,,
"MAR 20/P22/Q3/a(iv),c(i),d(i)",13,5,650,,
MAR 20/P22/Q3/a(v),18,2,976,,
MAR 20/P22/Q3/b(i),2,3,97,,
MAR 20/P22/Q3/b(ii),4,1,232,,
MAR 20/P22/Q3/c(ii),20,1,1019,,
"MAR 20/P22/Q3/c(iii),d(ii)",14,5,747,,(a) intro;(a)(v)
MAR 20/P22/Q3/d(iii),22,3,1114,,
O/N 19/P21/Q1/a,6,2,321,,
"O/N 19/P21/Q1/b,c,d",11,8,558,,
O/N 19/P21/Q1/e,14,2,748,,
"O/N 19/P21/Q2/a,b(ii,iii),c(ii,iii)",9,9,468,,
O/N 19/P21/Q2/b(i),4,3,232,,
O/N 19/P21/Q2/c(i),3,1,175,,
"O/N 19/P21/Q3/a(i,iii)",14,2,749,,
O/N 19/P21/Q3/b(i),2,2,97,,
"O/N 19/P21/Q3/b(ii,iii,iv)",5,6,280,,
"O/N 19/P21/Q4/a,c(iii,iv)",13,5,651,,
"O/N 19/P21/Q4/b(i,iii),c(i,ii,vii,viii)",17,8,930,,
O/N 19/P21/Q4/b(ii),3,3,176,,
O/N 19/P21/Q4/b(iv),18,2,977,,
O/N 19/P21/Q4/c(v),22,1,1115,,
O/N 19/P21/Q4/c(vi),21,3,1050,,
O/N 19/P22/Q1/a,1,6,38,,
"O/N 19/P22/Q1/b(i),c(i)",2,4,98,,
O/N 19/P22/Q1/b(ii),4,3,232,,
O/N 19/P22/Q1/c(ii),12,2,590,,
O/N 19/P22/Q1/d,7,4,360,,
"O/N 19/P22/Q2/a,b(i)",9,3,469,,
"O/N 19/P22/Q2/b(ii,iii,iv)",10,3,516,,
O/N 19/P22/Q2/c,4,5,233,2:1;3:2,
"O/N 19/P22/Q3/a(i,ii)",9,2,469,,
O/N 19/P22/Q3/a(iii),6,2,321,,
O/N 19/P22/Q3/b(i),12,1,590,,
O/N 19/P22/Q3/b(ii),3,1,176,,
"O/N 19/P22/Q3/c(i,ii)",16,2,876,,
O/N 19/P22/Q3/c(iii),11,2,558,,
O/N 19/P22/Q3/c(iv),15,2,812,,
"O/N 19/P22/Q4/a,e(ii)",15,3,813,,
O/N 19/P22/Q4/b,16,4,877,14:1;13:1,
"O/N 19/P22/Q4/c(i),e(iv)",14,3,749,,
O/N 19/P22/Q4/c(ii),20,1,1020,,
O/N 19/P22/Q4/d(i),13,1,652,,
O/N 19/P22/Q4/d(ii),8,1,412,,
O/N 19/P22/Q4/d(iii),18,2,978,,
O/N 19/P22/Q4/e(i),22,1,1116,,
O/N 19/P22/Q4/e(iii),19,1,1003,,
O/N 19/P23/Q1/a,6,2,321,,
"O/N 19/P23/Q1/b,c,d",11,8,559,,
O/N 19/P23/Q1/e,14,2,750,,
"O/N 19/P23/Q2/a,b(ii,iii),c(ii,iii)",9,9,470,,
O/N 19/P23/Q2/b(i),4,3,233,,
O/N 19/P23/Q2/c(i),3,1,176,,
"O/N 19/P23/Q3/a(i,iii)",14,2,750,,
O/N 19/P23/Q3/b(i),2,2,98,,
"O/N 19/P23/Q3/b(ii,iii,iv)",5,6,281,,
"O/N 19/P23/Q4/a,c(iii,iv)",13,5,653,,
"O/N 19/P23/Q4/b(i,iii),c(i,ii,vii,viii)",17,8,931,,
O/N 19/P23/Q4/b(ii),3,3,177,,
O/N 19/P23/Q4/b(iv),18,2,979,,
O/N 19/P23/Q4/c(v),22,1,1117,,
O/N 19/P23/Q4/c(vi),21,3,1050,,
M/J 19/P21/Q1/a,10,7,517,,
M/J 19/P21/Q1/b,9,5,471,,
"M/J 19/P21/Q2/a,d",3,6,177,,
"M/J 19/P21/Q2/b,f",9,5,471,,
M/J 19/P21/Q2/c,4,2,233,,
M/J 19/P21/Q2/e,5,2,282,,
"M/J 19/P21/Q3/a,b,c",1,4,39,,
M/J 19/P21/Q3/d,4,7,234,2:2,
"M/J 19/P21/Q4/a,b,c(i)",13,4,654,,
M/J 19/P21/Q4/c(ii),14,1,750,,
M/J 19/P21/Q4/c(iii),16,1,878,,
M/J 19/P21/Q4/d(i),17,1,933,,
M/J 19/P21/Q4/d(ii),21,8,1051,,
M/J 19/P21/Q5/a,17,2,933,,
M/J 19/P21/Q5/b,13,4,654,,
M/J 19/P21/Q5/c,19,1,1003,,
M/J 19/P22/Q1/a,13,3,655,,
"M/J 19/P22/Q1/b,c",7,7,361,,
"M/J 19/P22/Q2/a,b",11,6,559,,
"M/J 19/P22/Q2/c(i,ii)",7,2,362,,
"M/J 19/P22/Q2/c(iii,iv)",3,3,178,,
"M/J 19/P22/Q3/a(i,ii,iii)",9,4,472,,
M/J 19/P22/Q3/a(iv),3,3,178,,
"M/J 19/P22/Q3/b(i,ii)",6,3,322,,
"M/J 19/P22/Q3/b(iii),c",11,3,560,,
"M/J 19/P22/Q4/b,d(iii,iv)",14,4,751,,
M/J 19/P22/Q4/c,2,3,98,,
"M/J 19/P22/Q4/d(i,ii,v)",13,5,655,,
"M/J 19/P22/Q5/a(i,ii,iii),d",18,4,980,,
M/J 19/P22/Q5/b,2,4,99,,
M/J 19/P22/Q5/c(i),13,1,655,,
M/J 19/P22/Q5/c(ii),21,2,1052,,
"M/J 19/P23/Q1/a,c,d",1,9,40,,
M/J 19/P23/Q1/b,2,3,99,,
M/J 19/P23/Q2/a,4,3,234,,
M/J 19/P23/Q2/b,3,2,179,,
M/J 19/P23/Q2/c,6,4,322,,
"M/J 19/P23/Q3/a,b,d",10,5,518,7:1,
M/J 19/P23/Q3/c,4,2,234,,
"M/J 19/P23/Q4/a,b(ii,iii,iv)",12,7,591,,
M/J 19/P23/Q4/b(i),2,2,99,,
"M/J 19/P23/Q5/a(i),b",19,3,1003,,
"M/J 19/P23/Q5/a(ii,iii,iv),c",15,9,814,,
"M/J 19/P23/Q6/a(i,ii)",14,4,752,,
M/J 19/P23/Q6/a(iii),13,1,656,,
M/J 19/P23/Q6/b,16,6,879,,
"MAR 19/P22/Q1/a,c,d(ii)",12,6,592,,
MAR 19/P22/Q1/b(i),10,1,518,,
MAR 19/P22/Q1/b(ii),9,1,472,,
MAR 19/P22/Q1/d(i),6,1,322,,
MAR 19/P22/Q1/d(iii),3,2,179,,
MAR 19/P22/Q1/e,14,2,753,,
"MAR 19/P22/Q2/a(i,iv)",2,4,100,,
"MAR 19/P22/Q2/a(ii),c(i,iv)",3,7,180,,
"MAR 19/P22/Q2/a(iii),d",4,5,235,2:1,
MAR 19/P22/Q2/b(i),1,1,41,,
"MAR 19/P22/Q2/b(ii,iii,iv),c(ii)",11,6,561,,
MAR 19/P22/Q2/c(iii),5,2,282,,
MAR 19/P22/Q3/a,21,3,1053,,
MAR 19/P22/Q3/b,17,1,934,,
MAR 19/P22/Q3/c,13,2,656,,
MAR 19/P22/Q3/d,22,3,1118,,
MAR 19/P22/Q4/a,13,1,656,,
"MAR 19/P22/Q4/b(i,ii,iii),c(i),d",14,6,753,,
MAR 19/P22/Q4/b(iv),16,1,879,,
"MAR 19/P22/Q4/c(ii,iv)",18,4,981,,
MAR 19/P22/Q4/c(iii),15,1,815,,
O/N 18/P21/Q1/a(i),1,1,41,,
O/N 18/P21/Q1/a(ii),6,1,322,,
O/N 18/P21/Q1/b,3,2,180,,
O/N 18/P21/Q1/c(i),12,2,592,,
"O/N 18/P21/Q1/c(ii,iii,iv)",2,5,101,,
"O/N 18/P21/Q2/a(i),b,d(ii)",12,7,593,,
O/N 18/P21/Q2/a(ii),3,1,180,,
"O/N 18/P21/Q2/d(iii,iv)",10,3,518,,
"O/N 18/P21/Q3/c(i,ii,iv)",20,4,1020,,
O/N 18/P21/Q4/a,21,4,1054,,
"O/N 18/P21/Q4/b(i,ii)",19,2,1004,,
"O/N 18/P21/Q4/b(iii,iv)",14,2,755,,
O/N 18/P21/Q4/b(v),15,2,816,,
O/N 18/P21/Q4/c,17,3,934,,
O/N 18/P21/Q4/d(i),22,2,1119,,
O/N 18/P21/Q4/d(ii),18,2,982,,
"O/N 18/P22/Q1/a,c",1,7,41,,
O/N 18/P22/Q1/b,3,1,180,,
O/N 18/P22/Q1/d,2,3,102,,
"O/N 18/P22/Q2/a,c,d",9,8,473,,
O/N 18/P22/Q2/b(i),3,1,181,,
O/N 18/P22/Q2/b(ii),5,2,283,,
O/N 18/P22/Q2/e,12,2,593,,
O/N 18/P22/Q2/f,1,4,42,,
O/N 18/P22/Q3/a,5,3,283,,
O/N 18/P22/Q3/b,4,5,236,,
O/N 18/P22/Q3/c(i),2,1,102,,
"O/N 18/P22/Q3/c(ii,iii)",22,3,1120,,
"O/N 18/P22/Q4/a(i,ii)",19,2,1004,,
"O/N 18/P22/Q4/a(iii,iv)",16,2,880,,
O/N 18/P22/Q4/b,13,3,657,,
O/N 18/P22/Q4/c,20,3,1021,,
O/N 18/P22/Q4/d,14,6,755,15:1,
O/N 18/P22/Q4/e(i),18,2,982,,
"O/N 18/P22/Q4/e(ii,iii)",1,2,43,,
O/N 18/P23/Q1/a(i),1,1,43,,
O/N 18/P23/Q1/a(ii),6,1,323,,
O/N 18/P23/Q1/b,3,2,181,,
O/N 18/P23/Q1/c(i),12,2,594,,
"O/N 18/P23/Q1/c(ii,iii,iv)",2,5,103,,
"O/N 18/P23/Q2/a(i),b,d(ii)",12,7,594,,
O/N 18/P23/Q2/a(ii),3,1,181,,
"O/N 18/P23/Q2/d(iii,iv)",10,3,519,,
"O/N 18/P23/Q3/c(i,ii,iv)",20,4,1021,,
O/N 18/P23/Q4/a,21,4,1055,,
"O/N 18/P23/Q4/b(i,ii)",19,2,1005,,
"O/N 18/P23/Q4/b(iii,iv)",14,2,757,,
O/N 18/P23/Q4/b(v),15,2,817,,
O/N 18/P23/Q4/c,17,3,935,,
O/N 18/P23/Q4/d(i),22,2,1121,,
O/N 18/P23/Q4/d(ii),18,2,983,,
"M/J 18/P21/Q1/a,c,d(i)",8,9,412,,
M/J 18/P21/Q1/b,5,2,284,,
"M/J 18/P21/Q1/d(ii),f(ii,iii)",7,7,362,,
M/J 18/P21/Q1/f(i),3,1,182,,
M/J 18/P21/Q2/a,3,2,182,,
"M/J 18/P21/Q2/b,c(i)",14,2,757,,
"M/J 18/P21/Q2/c(ii,iii,iv)",20,5,1022,,
"M/J 18/P21/Q3/a(i),c",9,9,474,,
"M/J 18/P21/Q3/a(ii,iii),b",1,7,44,,
"M/J 18/P22/Q1/a,b(i,ii,iii)",10,8,519,,
M/J 18/P22/Q1/b(iv),3,3,182,,
"M/J 18/P22/Q2/a,d(iii,iv,v,vi)",2,6,104,,
M/J 18/P22/Q2/b,3,4,183,,
M/J 18/P22/Q2/c,7,4,363,,
"M/J 18/P22/Q2/d(i,ii)",6,3,323,,
"M/J 18/P22/Q3/a,b(i),c",14,7,758,,
"M/J 18/P22/Q3/b(ii,iii)",20,3,1022,,
"M/J 18/P22/Q3/d(ii,iii)",12,4,595,,
"M/J 18/P22/Q4/a(i),c,d(i)",17,7,936,,
"M/J 18/P22/Q4/a(ii),b,d(ii,iii)",13,6,658,,
M/J 18/P22/Q4/e,2,3,105,,(b)
M/J 18/P23/Q1/a,3,4,183,,
M/J 18/P23/Q1/b,4,4,236,,
"M/J 18/P23/Q1/c(i,iii),d",7,11,363,,
"M/J 18/P23/Q1/c(ii,iv)",8,3,414,,
"M/J 18/P23/Q2/a,b(i,iii)",13,8,659,,
M/J 18/P23/Q2/b(ii),20,2,1023,,
"M/J 18/P23/Q3/a,b,c,d,e(ii,iii)",11,14,562,,
M/J 18/P23/Q3/e(i),6,1,323,,
"M/J 18/P23/Q4/a(i),b",13,3,660,,
M/J 18/P23/Q4/a(ii),16,1,880,,
"M/J 18/P23/Q4/c,d,e",15,9,818,,(a) intro
MAR 18/P22/Q1/a,1,6,45,,
MAR 18/P22/Q1/b,9,3,475,,
"MAR 18/P22/Q2/a,d(i)",4,8,237,,
MAR 18/P22/Q2/b(i),13,1,660,,
MAR 18/P22/Q2/b(ii),14,2,758,,
MAR 18/P22/Q2/c,2,6,106,14:1;4:2,
MAR 18/P22/Q2/d(ii),1,1,45,,
"MAR 18/P22/Q2/d(iii,v)",9,3,475,,
MAR 18/P22/Q2/d(iv),3,1,183,,
MAR 18/P22/Q3/a,10,3,520,,
MAR 18/P22/Q3/b(i),3,1,184,,
MAR 18/P22/Q3/b(ii),13,2,660,,
"MAR 18/P22/Q3/c(i,ii)",11,2,563,,
"MAR 18/P22/Q3/c(iii,iv)",6,2,324,,
MAR 18/P22/Q3/d,21,8,1055,18:1;19:1;17:1;13:1,
"MAR 18/P22/Q4/a,c(i)",14,7,759,,
MAR 18/P22/Q4/b,15,1,819,,
MAR 18/P22/Q4/c(ii),22,3,1122,,
O/N 17/P21/Q1/a,5,4,284,,
"O/N 17/P21/Q1/b(i,ii)",8,5,414,,
"O/N 17/P21/Q1/b(iii),c,d",7,13,364,,
O/N 17/P21/Q2/a,1,8,46,,
O/N 17/P21/Q2/b,9,6,476,,
"O/N 17/P21/Q3/a,b,c(ii)",15,11,819,,
"O/N 17/P21/Q3/c(i),d(i,ii,iv,v)",13,11,661,,
O/N 17/P21/Q3/d(iii),14,2,760,,
"O/N 17/P22/Q1/a,b(ii,iii)",3,7,184,,
O/N 17/P22/Q1/b(i),4,3,237,,
O/N 17/P22/Q2/a,5,1,285,,
O/N 17/P22/Q2/b(i),8,2,415,,
"O/N 17/P22/Q2/b(ii),c,d",7,9,366,,
O/N 17/P22/Q3/a,1,2,46,,
O/N 17/P22/Q3/b(i),11,2,563,,
O/N 17/P22/Q3/b(ii),3,2,185,,
O/N 17/P22/Q3/c,10,9,520,,
O/N 17/P22/Q4/a,16,5,881,,
"O/N 17/P22/Q4/b,c(ii)",15,6,821,,
"O/N 17/P22/Q4/c(i),d(i)",13,6,662,,
"O/N 17/P22/Q4/d(ii,iii)",20,4,1024,,
O/N 17/P22/Q4/e,14,2,760,,
O/N 17/P23/Q1/a,5,4,285,,
"O/N 17/P23/Q1/b(i,ii)",8,5,415,,
"O/N 17/P23/Q1/b(iii),c,d",7,13,366,,
O/N 17/P23/Q2/a,1,8,47,,
O/N 17/P23/Q2/b,9,6,476,,
"O/N 17/P23/Q3/a,b,c(ii)",15,11,821,,
"O/N 17/P23/Q3/c(i),d(i,ii,iv,v)",13,11,663,,
O/N 17/P23/Q3/d(iii),14,2,761,,
"M/J 17/P21/Q1/a,b(i,ii,iii)",2,5,107,,
M/J 17/P21/Q1/b(iv),13,2,664,,
M/J 17/P21/Q1/b(v),4,3,238,,
M/J 17/P21/Q2/a,4,5,238,,
M/J 17/P21/Q2/b,3,4,185,,
M/J 17/P21/Q3/a(i),9,1,477,,
"M/J 17/P21/Q3/a(ii,v)",1,2,48,,
"M/J 17/P21/Q3/a(iii),b,c",10,9,521,,
M/J 17/P21/Q3/a(iv),11,1,564,,
"M/J 17/P21/Q4/a,d(i)",13,8,665,,
M/J 17/P21/Q4/b,14,5,762,,
"M/J 17/P21/Q4/c,d(ii)",17,6,937,,
M/J 17/P22/Q1/a,1,2,48,,
M/J 17/P22/Q1/b,2,4,108,,
"M/J 17/P22/Q2/a,b",12,10,595,,
M/J 17/P22/Q3/a,5,1,285,,
"M/J 17/P22/Q3/b(i,ii)",8,5,416,,
"M/J 17/P22/Q3/b(iii),c,d",7,9,368,,
M/J 17/P22/Q3/b(iv),11,3,565,,
"M/J 17/P22/Q4/a(i,iii,iv),c(iii)",13,5,666,,
M/J 17/P22/Q4/a(ii),3,2,185,,
"M/J 17/P22/Q4/a(v,vi)",14,5,762,,
M/J 17/P22/Q4/b(i),16,3,882,,
M/J 17/P22/Q4/b(ii),18,1,983,,
"M/J 17/P22/Q4/c(i,ii)",17,3,937,,
M/J 17/P22/Q4/d,22,4,1123,,
"M/J 17/P23/Q1/a,b(iv)",13,4,667,,
"M/J 17/P23/Q1/b(i,ii,iii)",2,4,109,,
M/J 17/P23/Q1/b(v),4,3,239,,
"M/J 17/P23/Q2/a,b,c,d",11,15,565,,
M/J 17/P23/Q3/a,5,4,286,,
"M/J 17/P23/Q3/b(i,ii)",8,3,417,,
"M/J 17/P23/Q3/b(iii),c,d",7,10,369,,
"M/J 17/P23/Q4/a,c(ii),d(iv),e(ii)",14,9,763,,
"M/J 17/P23/Q4/b,c(i),d(i,ii,iii),e(i)",13,8,667,,
"MAR 17/P22/Q1/a(i,ii),b",9,8,478,,
MAR 17/P22/Q1/a(iii),1,2,49,,
MAR 17/P22/Q1/c(i),3,2,185,,
MAR 17/P22/Q1/c(ii),4,2,239,,
MAR 17/P22/Q1/c(iii),2,3,110,,
"MAR 17/P22/Q2/a(i,ii)",3,3,186,,
"MAR 17/P22/Q2/a(iii),b(ii)",11,5,567,,
"MAR 17/P22/Q2/b(i),c(iii,iv,v,vi)",7,10,371,,
MAR 17/P22/Q2/c(i),5,2,286,,
MAR 17/P22/Q2/c(ii),8,2,417,,
"MAR 17/P22/Q3/a(i),b",15,4,823,,
MAR 17/P22/Q3/a(ii),21,2,1057,,
MAR 17/P22/Q3/a(iii),20,2,1024,,
"MAR 17/P22/Q3/c(i,iii)",14,3,764,,
"MAR 17/P22/Q3/c(ii,iv,v)",16,5,883,,
MAR 17/P22/Q3/d(i),18,1,983,,
MAR 17/P22/Q3/d(ii),22,4,1124,,
"O/N 16/P21/Q1/a,b,c,d,e,f,g,h",2,9,111,,
"O/N 16/P21/Q2/a,b,c",5,13,287,,
O/N 16/P21/Q3/a,1,4,49,,
"O/N 16/P21/Q3/b,c(i),d",10,8,522,,
"O/N 16/P21/Q4/a,b(i),c(i)",13,8,669,,
"O/N 16/P21/Q4/b(ii,iii),c(ii,iii)",14,9,765,,
O/N 16/P21/Q4/b(iv),20,1,1024,,
O/N 16/P21/Q5/a,13,1,669,,
"O/N 16/P21/Q5/b,c",16,4,884,,
O/N 16/P21/Q5/d,17,1,938,,
"O/N 16/P22/Q1/a,b",2,9,112,,
O/N 16/P22/Q2/a,5,2,288,,
O/N 16/P22/Q2/b(i),4,2,240,,
"O/N 16/P22/Q2/b(ii,iii,iv,v,vi,vii)",7,9,372,,
O/N 16/P22/Q3/a,1,8,50,,
O/N 16/P22/Q3/b,9,7,479,,
"O/N 16/P22/Q4/a(i),b,c",15,12,823,,
"O/N 16/P22/Q4/a(ii,iii)",13,5,670,,
O/N 16/P22/Q5/a(i),14,1,765,,
O/N 16/P22/Q5/a(ii),13,1,670,,
O/N 16/P22/Q5/b,17,4,938,,
"O/N 16/P23/Q1/a,b,c,d,e,f,g,h",2,9,113,,
"O/N 16/P23/Q2/a,b,c",5,13,289,,
O/N 16/P23/Q3/a,1,4,51,,
"O/N 16/P23/Q3/b,c(i),d",10,8,523,,
"O/N 16/P23/Q4/a,b(i),c(i)",13,8,671,,
"O/N 16/P23/Q4/b(ii,iii),c(ii,iii)",14,9,766,,
O/N 16/P23/Q4/b(iv),20,1,1025,,
O/N 16/P23/Q5/a,13,1,671,,
"O/N 16/P23/Q5/b,c",16,4,884,,
O/N 16/P23/Q5/d,17,1,938,,
"M/J 16/P21/Q1/a,b,c",1,13,51,,
M/J 16/P21/Q1/d,2,3,114,,
"M/J 16/P21/Q2/a,b,c,d",9,7,480,,
"M/J 16/P21/Q3/a,b(iv),c",10,9,524,,
M/J 16/P21/Q3/b(i),5,2,290,,
M/J 16/P21/Q3/b(ii),8,2,418,,
M/J 16/P21/Q3/b(iii),4,2,240,,
"M/J 16/P21/Q4/a,b,c,d",13,7,672,,
M/J 16/P21/Q5/a,15,2,825,,
"M/J 16/P21/Q5/b(i),d",18,4,984,,
M/J 16/P21/Q5/b(ii),22,2,1125,,
M/J 16/P21/Q5/c,16,3,885,,
M/J 16/P21/Q5/e(i),14,2,767,,
M/J 16/P21/Q5/e(ii),13,2,673,,
"M/J 16/P22/Q1/a,b",1,8,53,,
M/J 16/P22/Q1/c,2,3,114,,
M/J 16/P22/Q2/a(iii),5,2,290,,
M/J 16/P22/Q2/b,3,4,186,,
M/J 16/P22/Q2/c,11,6,568,,
M/J 16/P22/Q2/d,9,5,481,,
M/J 16/P22/Q3/a,6,2,324,,
M/J 16/P22/Q3/b,2,4,115,,
"M/J 16/P22/Q4/a,b",13,6,674,18:2,
M/J 16/P22/Q4/c,22,3,1126,,
"M/J 16/P22/Q5/a,b",16,5,886,,
"M/J 16/P22/Q5/c(i,iii)",17,6,939,,
M/J 16/P22/Q5/c(ii),13,2,675,,
"M/J 16/P23/Q1/a(i,iii,iv,v,vi,vii)",2,6,116,,
M/J 16/P23/Q1/a(ii),6,1,324,,
M/J 16/P23/Q1/b(i),3,2,187,,
M/J 16/P23/Q1/b(ii),9,1,481,,
M/J 16/P23/Q2/a,12,1,596,,
"M/J 16/P23/Q2/b(i,ii,iii)",8,6,418,,
M/J 16/P23/Q2/b(iv),7,2,374,,
M/J 16/P23/Q2/c,6,3,324,,
M/J 16/P23/Q2/d,3,4,187,,
M/J 16/P23/Q3/b,14,5,768,,
"M/J 16/P23/Q3/c(i,ii,iii)",12,6,596,,
"M/J 16/P23/Q4/a,d",13,7,676,16:1,
M/J 16/P23/Q4/b,16,2,886,,
M/J 16/P23/Q4/c,22,5,1127,,
"MAR 16/P22/Q1/a(i,iii)",9,4,482,,
MAR 16/P22/Q1/a(ii),1,2,53,,
MAR 16/P22/Q1/a(iv),3,1,187,,
MAR 16/P22/Q1/b,10,5,525,,
MAR 16/P22/Q2/a,2,6,117,,
MAR 16/P22/Q2/b,6,4,325,,
MAR 16/P22/Q3/a,3,5,188,,
MAR 16/P22/Q3/b,7,3,374,,
MAR 16/P22/Q3/c,8,3,419,,
MAR 16/P22/Q3/d,17,6,940,,
MAR 16/P22/Q4/a,13,3,677,,
MAR 16/P22/Q4/b,14,1,768,,
MAR 16/P22/Q4/c,12,2,596,,
MAR 16/P22/Q4/d,3,4,188,,
MAR 16/P22/Q4/e,15,1,825,,
"MAR 16/P22/Q5/a(i),b",21,8,1057,,
MAR 16/P22/Q5/a(ii),13,1,677,,
MAR 16/P22/Q5/a(iii),17,1,940,,
"O/N 15/P21/Q2/a,b(i)",5,6,291,,
"O/N 15/P21/Q2/b(ii,iii)",7,7,375,,
O/N 15/P21/Q2/c,12,3,597,,
O/N 15/P21/Q3/a,13,6,678,,
"O/N 15/P21/Q3/b,c",14,9,769,,
"O/N 15/P21/Q4/a(i),b",15,5,826,,
"O/N 15/P21/Q4/a(ii),c",16,6,887,,
O/N 15/P22/Q1/a,1,5,54,,
"O/N 15/P22/Q1/b,c",3,12,189,,
"O/N 15/P22/Q2/a,b",5,7,292,,
"O/N 15/P22/Q3/a,b",9,12,483,,
O/N 15/P22/Q3/c,12,2,597,,
"O/N 15/P22/Q4/a(i,iv),b(ii,iii)",15,4,827,,
"O/N 15/P22/Q4/a(ii,iii,v,vi)",13,7,679,,
O/N 15/P22/Q4/b(i),19,1,1005,,
"O/N 15/P22/Q4/b(iv,vi,vii,viii)",14,9,770,,
O/N 15/P22/Q4/b(v),16,1,887,,
"O/N 15/P23/Q2/a,b(i)",5,6,293,,
"O/N 15/P23/Q2/b(ii,iii)",7,7,375,,
O/N 15/P23/Q2/c,12,3,597,,
O/N 15/P23/Q3/a,13,6,680,,
"O/N 15/P23/Q3/b,c",14,9,771,,
"O/N 15/P23/Q4/a(i),b",15,5,828,,
"O/N 15/P23/Q4/a(ii),c",16,6,888,,
M/J 15/P21/Q1/a,1,3,54,,
"M/J 15/P21/Q1/b(i),c(i)",2,6,118,,
M/J 15/P21/Q1/b(ii),22,2,1128,,
"M/J 15/P21/Q1/c(ii,iii),d",9,9,484,,
"M/J 15/P21/Q2/a,b",4,9,241,,
M/J 15/P21/Q2/c,12,6,598,,
M/J 15/P21/Q3/a,5,3,293,,
M/J 15/P21/Q3/b(i),13,2,680,,
"M/J 15/P21/Q3/b(ii),c",17,7,941,,
"M/J 15/P21/Q4/a,b(ii,iii)",13,11,680,,
M/J 15/P21/Q4/b(i),16,2,888,,
M/J 15/P22/Q1/a,1,3,54,,
"M/J 15/P22/Q1/b,c(ii)",2,7,119,,
M/J 15/P22/Q1/d,9,6,484,,
"M/J 15/P22/Q2/a(i),e",2,5,120,,
M/J 15/P22/Q2/a(ii),6,2,325,,
M/J 15/P22/Q2/b,7,6,375,,
M/J 15/P22/Q3/a(i),5,3,293,,
"M/J 15/P22/Q3/a(ii,iii),b(iii)",14,7,771,,
M/J 15/P22/Q3/b(i),13,1,681,,
M/J 15/P22/Q3/b(ii),15,2,828,,
M/J 15/P22/Q4/a,13,6,682,,
M/J 15/P22/Q4/b,17,5,941,,
"M/J 15/P23/Q1/a,b",1,6,55,,
M/J 15/P23/Q1/c,2,4,120,,
M/J 15/P23/Q1/d,4,3,242,,
M/J 15/P23/Q1/e,3,5,189,,
"M/J 15/P23/Q2/a,b(i,ii,iii),d(i,ii)",10,12,526,,
M/J 15/P23/Q2/c,4,2,242,,
M/J 15/P23/Q2/d(iii),2,2,121,,
"M/J 15/P23/Q3/a(i,iii),c",17,6,942,,
"M/J 15/P23/Q3/a(ii),b(i)",13,6,683,,
M/J 15/P23/Q3/b(ii),16,1,888,,
"M/J 15/P23/Q4/a,b",14,10,772,13:3,
