reference,unit,marks,page,source,also_topics,context_parts
M/J 26/P22/Q1/a,1,2,4,official,,
M/J 26/P22/Q1/b,2,9,88,official,,
"M/J 26/P22/Q2/a,b",4,6,268,official,,
M/J 26/P22/Q2/c,6,2,436,official,,(b)
"M/J 26/P22/Q3/a,b(i)",7,2,522,official,,
"M/J 26/P22/Q3/b(ii),c(ii)",8,5,583,official,,
M/J 26/P22/Q3/c(i),5,3,354,official,,
"M/J 26/P22/Q4/a,b",5,10,355,official,,
"M/J 26/P22/Q5/a,b(i),c",10,10,751,official,9:2,
M/J 26/P22/Q5/b(ii),9,2,666,official,,(a)
"M/J 26/P22/Q6/a,c,d",11,3,844,official,,
"M/J 26/P22/Q6/b(i,ii)",3,4,170,official,,
M/J 26/P22/Q6/b(iii),1,2,4,official,,
"M/J 26/P23/Q1/a,b(ii),c(i,iii)",3,7,171,official,,
"M/J 26/P23/Q1/b(i,iii),c(ii)",2,6,90,official,,
"M/J 26/P23/Q2/a,b(ii,iii),c,d",6,10,438,official,,
M/J 26/P23/Q2/b(i),4,2,269,official,,
"M/J 26/P23/Q3/a,b,c",8,12,584,official,,
M/J 26/P23/Q3/d,7,2,523,official,,(b)
"M/J 26/P23/Q4/a,b(iii)",10,5,752,official,,
M/J 26/P23/Q4/b(i),1,1,4,official,,
"M/J 26/P23/Q4/b(ii,iv)",9,5,667,official,,
"M/J 26/P23/Q5/a,b,c",11,10,844,official,,
M/J 26/P24/Q1/a,1,1,4,official,,
M/J 26/P24/Q1/b(i),5,2,355,official,,
"M/J 26/P24/Q1/b(ii),c(ii)",2,4,91,official,,(b)(iii)
"M/J 26/P24/Q1/b(iii),c(i)",3,3,172,official,,
"M/J 26/P24/Q2/a,c",6,4,439,official,,(b)
M/J 26/P24/Q2/b,1,6,5,official,6:3,
"M/J 26/P24/Q3/a,b,c,d",8,8,585,official,,
"M/J 26/P24/Q4/a,b",3,4,173,official,,
M/J 26/P24/Q4/c,4,3,269,official,,
"M/J 26/P24/Q5/a,b,d",9,4,667,official,,(c)
"M/J 26/P24/Q5/c,e",10,6,752,official,,
"M/J 26/P24/Q6/a,b,c",9,7,669,official,,
"M/J 26/P24/Q7/a,b",11,8,845,official,,
MAR 26/P22/Q1/a,3,1,173,official,,
"MAR 26/P22/Q1/b,c",1,3,5,official,,(a)
"MAR 26/P22/Q2/a,b",3,8,174,official,,
MAR 26/P22/Q2/c,4,3,270,official,,(b)
"MAR 26/P22/Q3/a,b",5,6,356,official,,
"MAR 26/P22/Q4/a(i,ii,iii)",4,4,271,official,,
MAR 26/P22/Q4/a(iv),6,3,440,official,,
MAR 26/P22/Q4/b,2,4,92,official,,
MAR 26/P22/Q5/a,7,2,523,official,,
"MAR 26/P22/Q5/b,c",8,10,585,official,,
"MAR 26/P22/Q6/a,c(i,iii)",9,5,669,official,,(b)
"MAR 26/P22/Q6/b,c(ii)",10,5,754,official,,
"MAR 26/P22/Q7/a,b,c",11,6,845,official,,
"O/N 25/P21/Q1/a,b",2,4,93,official,,
O/N 25/P21/Q1/c,5,6,357,official,,(b)
"O/N 25/P21/Q2/a,c(i)",4,4,272,official,,(b)
"O/N 25/P21/Q2/b(i),c(ii)",3,6,175,official,,
O/N 25/P21/Q2/b(ii),1,2,6,official,,
"O/N 25/P21/Q3/a,b(ii),c(ii),d(ii)",6,6,441,official,,
"O/N 25/P21/Q3/b(i),c(i),d(i)",9,3,671,official,,
"O/N 25/P21/Q4/a,b",8,8,587,official,,
O/N 25/P21/Q4/c,7,2,524,official,,(b) intro;(b)(iii);Fig. 4.1
"O/N 25/P21/Q5/a,b(ii),c",10,8,756,official,,
O/N 25/P21/Q5/b(i),9,2,672,official,,
"O/N 25/P21/Q6/a,b,c",11,9,846,official,,
"O/N 25/P22/Q1/a,c",1,4,6,official,,
"O/N 25/P22/Q1/b(i,ii)",4,4,272,official,,
O/N 25/P22/Q1/b(iii),3,3,175,official,,
O/N 25/P22/Q2/a,4,3,273,official,,
"O/N 25/P22/Q2/b,c",3,9,175,official,,
"O/N 25/P22/Q3/a,b(i)",4,3,274,official,,
"O/N 25/P22/Q3/b(ii),c",6,6,442,official,,
"O/N 25/P22/Q4/a,b,c",8,8,588,official,,
"O/N 25/P22/Q5/a,b(i,ii,iv)",10,9,756,official,,
O/N 25/P22/Q5/b(iii),9,2,672,official,,
"O/N 25/P22/Q6/a,b,c",11,9,847,official,,
O/N 25/P24/Q1/a(i),1,2,7,official,,
"O/N 25/P24/Q1/a(ii,iii,iv)",2,5,94,official,,
O/N 25/P24/Q1/b,3,4,178,official,,
"O/N 25/P24/Q2/a,b,c,d,e",4,10,274,official,,
"O/N 25/P24/Q3/a,b,c(ii)",6,6,443,official,,
"O/N 25/P24/Q3/c(i),d",5,4,358,official,,
"O/N 25/P24/Q4/a,b(i,iv)",8,6,589,official,,
"O/N 25/P24/Q4/b(ii,iii)",7,3,525,official,,
"O/N 25/P24/Q5/a(i),b(i,ii)",9,5,674,official,,
O/N 25/P24/Q5/a(ii),10,2,758,official,,
"O/N 25/P24/Q5/b(iii,iv)",1,3,7,official,,
"O/N 25/P24/Q6/a,b,c",11,10,848,official,,
"M/J 25/P21/Q1/a,b,c(i)",2,7,94,official,,
M/J 25/P21/Q1/c(ii),5,2,359,official,,(b)
"M/J 25/P21/Q2/a,b",4,5,276,official,,
M/J 25/P21/Q2/c,6,5,444,official,,
"M/J 25/P21/Q3/a,b,c(ii)",5,9,360,official,,
M/J 25/P21/Q3/c(i),3,1,179,official,,(b)
"M/J 25/P21/Q4/a,b",8,8,589,official,,
"M/J 25/P21/Q5/a,b",7,6,526,official,,
"M/J 25/P21/Q6/a,b(ii)",9,7,675,official,,
M/J 25/P21/Q6/b(i),10,2,759,official,,
"M/J 25/P21/Q7/a,b",11,8,849,official,,
M/J 25/P22/Q1/a,1,2,8,official,,
M/J 25/P22/Q1/b,5,8,361,official,,
"M/J 25/P22/Q2/a,b",4,8,276,official,,
"M/J 25/P22/Q3/a,b(i),d",7,5,527,official,,
"M/J 25/P22/Q3/b(ii),c",8,3,590,official,,
"M/J 25/P22/Q4/a,b",3,5,180,official,,
M/J 25/P22/Q4/c,5,3,361,official,,
"M/J 25/P22/Q5/a,b",6,7,445,official,,
"M/J 25/P22/Q6/a,b(i)",9,3,676,official,,
"M/J 25/P22/Q6/b(ii,iii,iv),c",10,7,759,official,,
"M/J 25/P22/Q7/a,b,c",11,9,850,official,,
"M/J 25/P23/Q1/a,b,c(i)",2,6,96,official,,
M/J 25/P23/Q1/c(ii),5,2,362,official,,(b)
"M/J 25/P23/Q2/a,b(i)",4,4,279,official,,
"M/J 25/P23/Q2/b(ii,iii)",6,5,446,official,,
"M/J 25/P23/Q3/a,b,c(ii)",5,7,363,official,,
M/J 25/P23/Q3/c(i),3,1,181,official,,(b)
"M/J 25/P23/Q4/a,b",3,6,182,official,,
"M/J 25/P23/Q5/a,b",7,8,528,official,,
"M/J 25/P23/Q6/a,b(ii,iii)",8,6,592,official,,
M/J 25/P23/Q6/b(i),7,2,529,official,,
M/J 25/P23/Q7/a,9,3,676,official,,
M/J 25/P23/Q7/b,10,5,761,official,,
"M/J 25/P23/Q8/a,b",11,5,850,official,,
"M/J 25/P24/Q1/a,b(i,iii)",4,5,280,official,,
M/J 25/P24/Q1/b(ii),1,1,8,official,,
"M/J 25/P24/Q2/a,b,c,d,e",3,7,183,official,,
M/J 25/P24/Q2/f,2,3,97,official,,
"M/J 25/P24/Q3/a,b,c",5,5,364,official,,
M/J 25/P24/Q3/d,6,2,447,official,,(a);(b);(c)
M/J 25/P24/Q3/e,3,4,183,official,,(a);(b);(c);(d)
"M/J 25/P24/Q4/a,b(i)",7,6,530,official,,
"M/J 25/P24/Q4/b(ii,iii,iv)",8,6,593,official,,
"M/J 25/P24/Q5/a,b",9,8,676,official,,
"M/J 25/P24/Q6/a,b,c",10,8,761,official,,
"M/J 25/P24/Q7/a,b,c",11,5,851,official,,
"MAR 25/P22/Q1/a,b(ii,iii)",1,5,9,official,,
MAR 25/P22/Q1/b(i),4,2,280,official,,
"MAR 25/P22/Q2/a,b",4,10,280,official,,
MAR 25/P22/Q3/a(i),2,2,98,official,,
MAR 25/P22/Q3/a(ii),5,3,365,official,,
MAR 25/P22/Q3/b,3,5,185,official,,(a) intro
"MAR 25/P22/Q4/a,b",8,8,594,official,,
"MAR 25/P22/Q5/a,b",7,5,531,official,,
"MAR 25/P22/Q6/a,b,c",9,13,678,official,,
"MAR 25/P22/Q7/a,c",11,4,851,official,,
MAR 25/P22/Q7/b,3,3,186,official,,
"O/N 24/P21/Q1/a,b(i)",4,3,283,official,,
"O/N 24/P21/Q1/b(ii),c",1,4,10,official,,(b)(i)
"O/N 24/P21/Q2/a,b(i,iii),c",3,7,186,official,,
O/N 24/P21/Q2/b(ii),5,2,365,official,,
O/N 24/P21/Q2/b(iv),2,2,98,official,,
"O/N 24/P21/Q3/a,b,c(i,ii,iii)",5,8,366,official,,
O/N 24/P21/Q3/c(iv),9,3,679,official,,
"O/N 24/P21/Q4/a,b,c",6,7,448,official,,
"O/N 24/P21/Q5/a,b",11,7,852,official,,
"O/N 24/P21/Q6/a,b(ii,iii)",8,7,595,official,,
O/N 24/P21/Q6/b(i),7,2,532,official,,
"O/N 24/P21/Q7/a,b",10,8,763,official,9:2,
"O/N 24/P22/Q1/a,b",1,7,11,official,3:1;4:2,
"O/N 24/P22/Q2/a,b",3,3,187,official,,
O/N 24/P22/Q2/c,2,2,99,official,,(b)
O/N 24/P22/Q2/d,5,5,366,official,,(b);(c)
"O/N 24/P22/Q3/a,c(ii,iii)",6,7,448,official,,
"O/N 24/P22/Q3/b,c(i)",4,5,284,official,,
O/N 24/P22/Q4/a,7,2,532,official,,
O/N 24/P22/Q4/b,8,6,596,official,,
"O/N 24/P22/Q5/a,b(ii,v,vi)",9,6,680,official,,
"O/N 24/P22/Q5/b(i,iii,iv,vii)",10,6,764,official,,
"O/N 24/P22/Q6/a,b",11,6,853,official,,
O/N 24/P22/Q6/c,3,5,187,official,5:2,(b) intro
"O/N 24/P23/Q1/a,b",2,7,100,official,,
"O/N 24/P23/Q2/a,b,c",3,11,189,official,,
"O/N 24/P23/Q3/a,b,c",4,9,284,official,,
"O/N 24/P23/Q4/a,b",6,7,450,official,,
"O/N 24/P23/Q5/a(i,ii)",8,2,597,official,,
"O/N 24/P23/Q5/a(iii),b",7,6,532,official,,
"O/N 24/P23/Q6/a,b",9,7,681,official,,
O/N 24/P23/Q6/c,10,3,765,official,,(b)
"O/N 24/P23/Q7/a,b,c",11,8,854,official,,
M/J 24/P21/Q1/a,1,3,11,official,,
"M/J 24/P21/Q1/b,c,d",3,7,190,official,,
"M/J 24/P21/Q2/a,b(i,iii)",2,6,101,official,,
M/J 24/P21/Q2/b(ii),1,1,12,official,,
"M/J 24/P21/Q3/a,b,c",3,9,191,official,,
"M/J 24/P21/Q4/a,b,c",6,8,451,official,,
"M/J 24/P21/Q5/a,b,c,d",8,6,597,official,,
M/J 24/P21/Q5/e,7,2,534,official,,
"M/J 24/P21/Q6/a,b,c,d",10,10,765,official,,
"M/J 24/P21/Q7/a,b",11,8,855,official,,
M/J 24/P22/Q1/a,1,1,12,official,,
M/J 24/P22/Q1/b,5,9,369,official,7:3;1:2,
"M/J 24/P22/Q2/a(i),b,c",3,8,192,official,,
M/J 24/P22/Q2/a(ii),2,2,102,official,,
"M/J 24/P22/Q3/a,b,c",9,8,682,official,,
M/J 24/P22/Q3/d,6,3,452,official,,
M/J 24/P22/Q4/a,6,2,453,official,,
M/J 24/P22/Q4/b,5,6,370,official,,(a)
M/J 24/P22/Q4/c,4,3,286,official,,
"M/J 24/P22/Q5/a,b",10,9,766,official,,
"M/J 24/P22/Q6/a,b(ii)",8,5,599,official,,
M/J 24/P22/Q6/b(i),7,1,535,official,,
"M/J 24/P22/Q7/a,b",11,3,856,official,,
M/J 24/P23/Q1/a,1,2,12,official,,
"M/J 24/P23/Q1/b,c,d(ii)",3,6,193,official,,
M/J 24/P23/Q1/d(i),4,2,287,official,,
"M/J 24/P23/Q2/a,b(i,ii,iii,iv)",2,8,103,official,,
M/J 24/P23/Q2/b(v),5,3,371,official,,
"M/J 24/P23/Q3/a,b,c,d,e",6,12,453,official,,
"M/J 24/P23/Q4/a,b,c",7,5,536,official,,
M/J 24/P23/Q4/d,8,3,600,official,,
"M/J 24/P23/Q5/a,b,c",10,11,768,official,,
"M/J 24/P23/Q6/a,b,c",11,8,857,official,,
"MAR 24/P22/Q1/a,b",1,3,13,official,,
MAR 24/P22/Q1/c,7,3,536,official,,
MAR 24/P22/Q2/a,2,1,103,official,,
MAR 24/P22/Q2/b,5,3,372,official,,
"MAR 24/P22/Q2/c(i,iii)",3,6,194,official,,(b)
MAR 24/P22/Q2/c(ii),4,1,288,official,,(b)
"MAR 24/P22/Q3/a,b",6,8,455,official,,
MAR 24/P22/Q4/a,11,2,858,official,,
MAR 24/P22/Q4/b,3,4,195,official,,
"MAR 24/P22/Q5/a,b,c",7,5,537,official,,
"MAR 24/P22/Q6/a,b",8,10,600,official,,
"MAR 24/P22/Q7/a,c(ii)",9,4,683,official,,Fig. 7.1
"MAR 24/P22/Q7/b,c(i)",10,4,769,official,,
"MAR 24/P22/Q8/a,b,c",11,6,858,official,,
"O/N 23/P21/Q1/a,b",1,5,13,official,,
"O/N 23/P21/Q2/a(i,ii)",4,5,289,official,,
"O/N 23/P21/Q2/a(iii),b",3,6,195,official,,
O/N 23/P21/Q2/c,6,5,457,official,,
"O/N 23/P21/Q3/a,b(i),c",2,6,103,official,,
O/N 23/P21/Q3/b(ii),3,3,196,official,,
"O/N 23/P21/Q4/a,b,c,d",8,9,602,official,,
"O/N 23/P21/Q5/a,b",7,4,538,official,,
"O/N 23/P21/Q6/a(i,iii)",9,3,684,official,,
"O/N 23/P21/Q6/a(ii),b",10,6,770,official,,
"O/N 23/P21/Q7/a,b,c,d",11,8,859,official,,
O/N 23/P22/Q1/a,1,1,14,official,,
"O/N 23/P22/Q1/b,c",2,8,104,official,,
O/N 23/P22/Q2/a,4,2,289,official,,
"O/N 23/P22/Q2/b,c",3,6,197,official,,
"O/N 23/P22/Q3/a,d",6,4,458,official,,
"O/N 23/P22/Q3/b,c",5,6,373,official,,
"O/N 23/P22/Q4/a,b",3,6,197,official,,
O/N 23/P22/Q5/a,7,4,539,official,,
"O/N 23/P22/Q5/b,c",8,6,603,official,,
"O/N 23/P22/Q6/a,b(i,ii,iv),c(i)",9,8,685,official,,
"O/N 23/P22/Q6/b(iii),c(ii,iii)",10,4,771,official,,
"O/N 23/P22/Q7/a,b,c",11,5,860,official,,
"O/N 23/P23/Q1/a,b(i,iii)",1,4,14,official,,
O/N 23/P23/Q1/b(ii),4,2,290,official,,
"O/N 23/P23/Q2/a(i,iii)",2,3,106,official,,
O/N 23/P23/Q2/a(ii),1,2,15,official,,
O/N 23/P23/Q2/b,3,1,199,official,,
"O/N 23/P23/Q3/a,b",4,5,291,official,,
"O/N 23/P23/Q3/c(i,ii)",3,4,200,official,,(b)
O/N 23/P23/Q3/c(iii),5,2,374,official,,(b)
"O/N 23/P23/Q4/a,b",6,9,459,official,,
"O/N 23/P23/Q5/a,b(i)",8,5,604,official,,
O/N 23/P23/Q5/b(ii),7,1,540,official,,
"O/N 23/P23/Q6/a,b",7,5,540,official,,
"O/N 23/P23/Q7/a,b(i),c",9,7,686,official,,
"O/N 23/P23/Q7/b(ii,iii,iv)",10,4,772,official,,
"O/N 23/P23/Q8/a,b",11,6,861,official,,
M/J 23/P22/Q1,1,,16,booklet,,
M/J 23/P21/Q1,1,,17,booklet,,
MAR 23/P22/Q1,1,,18,booklet,,
M/J 23/P23/Q1,2,,107,booklet,,
MAR 23/P22/Q2,2,,108,booklet,,
M/J 23/P22/Q3,3,,200,booklet,,
M/J 23/P21/Q3,3,,202,booklet,,
M/J 23/P23/Q3,3,,204,booklet,,
MAR 23/P22/Q4,3,,206,booklet,,
M/J 23/P22/Q2,4,,291,booklet,,
M/J 23/P21/Q4,4,,294,booklet,,
M/J 23/P23/Q2,4,,296,booklet,,
M/J 23/P21/Q2/c,5,,374,booklet,,
MAR 23/P22/Q3,5,,377,booklet,,
M/J 23/P22/Q4,6,,461,booklet,,
"M/J 23/P21/Q2/a,b",6,,462,booklet,,
M/J 23/P23/Q6,6,,462,booklet,,
M/J 23/P22/Q5,7,,541,booklet,,
M/J 23/P23/Q4,7,,543,booklet,,
M/J 23/P21/Q5,8,,604,booklet,,
MAR 23/P22/Q5,8,,606,booklet,,
M/J 23/P22/Q6,9,,687,booklet,,
M/J 23/P21/Q6,9,,687,booklet,,
M/J 23/P23/Q5,9,,688,booklet,,
MAR 23/P22/Q6,10,,772,booklet,,
M/J 23/P22/Q8,11,,862,booklet,,
M/J 23/P21/Q8,11,,862,booklet,,
M/J 23/P23/Q7,11,,863,booklet,,
MAR 23/P22/Q7,11,,863,booklet,,
MAR 22/P22/Q1,1,,19,booklet,,
O/N 22/P22/Q1,1,,20,booklet,,
O/N 22/P21/Q1,1,,20,booklet,,
O/N 22/P23/Q1,1,,22,booklet,,
M/J 22/P22/Q1,1,,23,booklet,,
M/J 22/P23/Q1,1,,24,booklet,,
O/N 22/P23/Q2,2,,109,booklet,,
M/J 22/P21/Q1,2,,111,booklet,,
M/J 22/P23/Q3,2,,113,booklet,,
MAR 22/P22/Q2,2,,114,booklet,,
M/J 22/P22/Q4,3,,207,booklet,,
O/N 22/P22/Q2,4,,296,booklet,,
O/N 22/P22/Q3,4,,298,booklet,,
O/N 22/P23/Q3,4,,299,booklet,,
M/J 22/P22/Q2,4,,302,booklet,,
M/J 22/P21/Q2,4,,303,booklet,,
MAR 22/P22/Q3,4,,305,booklet,,
O/N 22/P21/Q3,5,,378,booklet,,
M/J 22/P22/Q3,5,,379,booklet,,
M/J 22/P21/Q3,5,,380,booklet,,
M/J 22/P23/Q2,5,,382,booklet,,
M/J 22/P23/Q4,5,,382,booklet,,
MAR 22/P22/Q4,5,,384,booklet,,
O/N 22/P22/Q4,6,,464,booklet,,
O/N 22/P21/Q2,6,,465,booklet,,
M/J 22/P21/Q4,6,,469,booklet,,
O/N 22/P22/Q5,7,,545,booklet,,
O/N 22/P21/Q4,7,,547,booklet,,
O/N 22/P23/Q4,7,,548,booklet,,
M/J 22/P21/Q5,7,,550,booklet,,
M/J 22/P22/Q5,8,,608,booklet,,
M/J 22/P23/Q5,8,,609,booklet,,
MAR 22/P22/Q5,8,,611,booklet,,
O/N 22/P21/Q5,9,,689,booklet,,
M/J 22/P23/Q6,9,,690,booklet,,
MAR 22/P22/Q6,9,,692,booklet,,
O/N 22/P22/Q6,10,,775,booklet,,
O/N 22/P23/Q5,10,,776,booklet,,
M/J 22/P22/Q6,10,,778,booklet,,
M/J 22/P21/Q6,10,,779,booklet,,
M/J 22/P22/Q7,11,,864,booklet,,
M/J 22/P21/Q7,11,,865,booklet,,
M/J 22/P23/Q7,11,,866,booklet,,
MAR 22/P22/Q7,11,,867,booklet,,
O/N 21/P23/Q2,1,,24,booklet,,
O/N 21/P22/Q1,1,,25,booklet,,
O/N 21/P21/Q1,1,,26,booklet,,
M/J 21/P21/Q1,1,,27,booklet,,
M/J 21/P23/Q2,2,,114,booklet,,
MAR 21/P22/Q1,2,,116,booklet,,
O/N 21/P21/Q2,3,,207,booklet,,
M/J 21/P22/Q2,3,,210,booklet,,
M/J 21/P21/Q2,3,,211,booklet,,
O/N 21/P23/Q3,4,,305,booklet,,
M/J 21/P21/Q3,4,,308,booklet,,
M/J 21/P23/Q1,4,,309,booklet,,
O/N 21/P22/Q3,5,,385,booklet,,
M/J 21/P22/Q3,5,,387,booklet,,
MAR 21/P22/Q2,5,,389,booklet,,
O/N 21/P21/Q3,6,,469,booklet,,
O/N 21/P23/Q1,6,,472,booklet,,
M/J 21/P22/Q1,6,,474,booklet,,
M/J 21/P23/Q3,6,,475,booklet,,
MAR 21/P22/Q3,6,,476,booklet,,
O/N 21/P22/Q4,7,,551,booklet,,
O/N 21/P21/Q4,7,,551,booklet,,
MAR 21/P22/Q5,7,,554,booklet,,
O/N 21/P22/Q5,8,,613,booklet,,
O/N 21/P23/Q5,8,,614,booklet,,
M/J 21/P22/Q4,8,,615,booklet,,
M/J 21/P21/Q4,8,,617,booklet,,
M/J 21/P23/Q4,8,,618,booklet,,
MAR 21/P22/Q4,8,,619,booklet,,
M/J 21/P22/Q5,9,,693,booklet,,
M/J 21/P23/Q5,9,,695,booklet,,
"MAR 21/P22/Q6/a,b(i,ii,iii)",9,,697,booklet,,
O/N 21/P22/Q6,10,,780,booklet,,
O/N 21/P21/Q5,10,,781,booklet,,
O/N 21/P23/Q6,10,,783,booklet,,
M/J 21/P21/Q5,10,,784,booklet,,
MAR 21/P22/Q6/b(iv),10,,786,booklet,,
O/N 21/P22/Q7,11,,867,booklet,,
O/N 21/P21/Q6,11,,869,booklet,,
M/J 21/P22/Q6,11,,870,booklet,,
M/J 21/P21/Q6,11,,870,booklet,,
M/J 21/P23/Q6,11,,872,booklet,,
MAR 21/P22/Q7,11,,873,booklet,,
O/N 20/P23/Q1,1,,29,booklet,,
M/J 20/P22/Q1,1,,30,booklet,,
M/J 20/P21/Q1,1,,31,booklet,,
MAR 20/P22/Q1,1,,32,booklet,,
M/J 20/P23/Q1,1,,32,booklet,,
O/N 20/P22/Q1,2,,117,booklet,,
O/N 20/P21/Q2,2,,118,booklet,,
O/N 20/P23/Q3,2,,120,booklet,,
M/J 20/P22/Q2,2,,121,booklet,,
M/J 20/P21/Q2,2,,123,booklet,,
MAR 20/P22/Q2,2,,124,booklet,,
O/N 20/P21/Q3,3,,214,booklet,,
M/J 20/P23/Q2,3,,214,booklet,,
MAR 20/P22/Q4,3,,218,booklet,,
O/N 20/P22/Q2,4,,310,booklet,,
O/N 20/P22/Q4,4,,312,booklet,,
O/N 20/P21/Q1,4,,313,booklet,,
O/N 20/P23/Q2,4,,314,booklet,,
M/J 20/P23/Q3,4,,315,booklet,,
M/J 20/P22/Q3,5,,390,booklet,,
MAR 20/P22/Q3,5,,390,booklet,,
O/N 20/P22/Q3,6,,478,booklet,,
O/N 20/P21/Q4,6,,479,booklet,,
O/N 20/P23/Q4,6,,481,booklet,,
M/J 20/P22/Q5,6,,482,booklet,,
M/J 20/P21/Q3,6,,484,booklet,,
O/N 20/P21/Q5,7,,555,booklet,,
M/J 20/P23/Q4,7,,556,booklet,,
O/N 20/P22/Q5,8,,620,booklet,,
O/N 20/P23/Q5,8,,621,booklet,,
M/J 20/P22/Q4,8,,622,booklet,,
M/J 20/P21/Q4,8,,624,booklet,,
MAR 20/P22/Q4,8,,625,booklet,,
O/N 20/P21/Q7,9,,699,booklet,,
M/J 20/P21/Q5,9,,699,booklet,,
M/J 20/P23/Q5,9,,702,booklet,,
O/N 20/P22/Q6,10,,786,booklet,,
O/N 20/P23/Q6,10,,788,booklet,,
M/J 20/P22/Q6,10,,789,booklet,,
M/J 20/P23/Q6,10,,792,booklet,,
MAR 20/P22/Q5,10,,792,booklet,,
O/N 20/P22/Q7/a,11,,873,booklet,,
"O/N 20/P21/Q8/a,b",11,,874,booklet,,
O/N 20/P23/Q7/c,11,,874,booklet,,
M/J 20/P22/Q7,11,,875,booklet,,
M/J 20/P21/Q6/b,11,,876,booklet,,
"M/J 20/P23/Q7/b,c",11,,877,booklet,,
O/N 19/P22/Q1,1,,33,booklet,,
O/N 19/P21/Q1,1,,34,booklet,,
M/J 19/P21/Q1,1,,35,booklet,,
M/J 19/P23/Q1,1,,36,booklet,,
MAR 19/P22/Q1,1,,36,booklet,,
M/J 19/P22/Q1,1,,37,booklet,,
O/N 19/P22/Q2,2,,126,booklet,,
M/J 19/P21/Q7,2,,127,booklet,,
O/N 19/P22/Q3,3,,219,booklet,,
O/N 19/P23/Q4/a,3,,221,booklet,,
"M/J 19/P22/Q2/a,b",3,,221,booklet,,
M/J 19/P21/Q2,3,,224,booklet,,
O/N 19/P22/Q4,4,,317,booklet,,
O/N 19/P23/Q1,4,,318,booklet,,
M/J 19/P22/Q3,4,,319,booklet,,
M/J 19/P23/Q3,4,,320,booklet,,
O/N 19/P23/Q3,5,,392,booklet,,
M/J 19/P23/Q2,5,,394,booklet,,
MAR 19/P22/Q2,5,,395,booklet,,
O/N 19/P21/Q4,6,,485,booklet,,
O/N 19/P23/Q4/b,6,,488,booklet,,
"M/J 19/P22/Q2/c,d",6,,489,booklet,,
M/J 19/P21/Q3,6,,489,booklet,,
O/N 19/P21/Q3,7,,557,booklet,,
O/N 19/P22/Q5,8,,626,booklet,,
O/N 19/P21/Q5,8,,627,booklet,,
O/N 19/P23/Q5,8,,629,booklet,,
M/J 19/P22/Q4,8,,630,booklet,,
M/J 19/P21/Q5,8,,630,booklet,,
M/J 19/P23/Q5,8,,632,booklet,,
MAR 19/P22/Q5,8,,633,booklet,,
O/N 19/P21/Q6,9,,702,booklet,,
M/J 19/P21/Q6,9,,704,booklet,,
MAR 19/P22/Q6,9,,706,booklet,,
O/N 19/P22/Q6,10,,794,booklet,,
O/N 19/P23/Q6,10,,796,booklet,,
M/J 19/P22/Q5,10,,797,booklet,,
M/J 19/P23/Q6,10,,799,booklet,,
O/N 19/P22/Q7,11,,877,booklet,,
O/N 19/P21/Q7,11,,878,booklet,,
O/N 19/P23/Q7,11,,879,booklet,,
M/J 19/P22/Q6,11,,880,booklet,,
M/J 19/P21/Q7,11,,881,booklet,,
M/J 19/P23/Q7,11,,881,booklet,,
MAR 19/P22/Q7,11,,882,booklet,,
M/J 18/P22/Q1,1,,37,booklet,,
M/J 18/P21/Q1,1,,38,booklet,,
M/J 18/P23/Q1,1,,39,booklet,,
O/N 18/P22/Q1,2,,127,booklet,,
O/N 18/P21/Q1,2,,129,booklet,,
MAR 18/P22/Q1,2,,130,booklet,,
O/N 18/P21/Q2,3,,225,booklet,,
O/N 18/P23/Q3,3,,225,booklet,,
M/J 18/P22/Q3,3,,227,booklet,,
M/J 18/P21/Q3,3,,229,booklet,,
O/N 18/P22/Q2,4,,321,booklet,,
M/J 18/P22/Q5,4,,321,booklet,,
M/J 18/P23/Q2,4,,324,booklet,,
O/N 18/P21/Q3,5,,396,booklet,,
O/N 18/P23/Q2,5,,398,booklet,,
M/J 18/P22/Q2,5,,400,booklet,,
M/J 18/P23/Q3,5,,400,booklet,,
MAR 18/P22/Q2,5,,402,booklet,,
O/N 18/P23/Q1,6,,491,booklet,,
M/J 18/P23/Q4,6,,492,booklet,,
MAR 18/P22/Q3,6,,493,booklet,,
O/N 18/P22/Q5,8,,635,booklet,,
O/N 18/P21/Q4,8,,635,booklet,,
M/J 18/P22/Q4,8,,637,booklet,,
M/J 18/P21/Q5,8,,638,booklet,,
MAR 18/P22/Q4,8,,638,booklet,,
O/N 18/P22/Q7,9,,708,booklet,,
O/N 18/P23/Q6,9,,709,booklet,,
M/J 18/P21/Q6,9,,709,booklet,,
O/N 18/P22/Q6,10,,800,booklet,,
O/N 18/P21/Q6,10,,801,booklet,,
O/N 18/P23/Q7,10,,803,booklet,,
M/J 18/P22/Q6,10,,803,booklet,,
M/J 18/P23/Q6,10,,806,booklet,,
MAR 18/P22/Q5,10,,806,booklet,,
O/N 18/P22/Q8,11,,882,booklet,,
M/J 18/P22/Q7,11,,883,booklet,,
M/J 18/P21/Q7,11,,884,booklet,,
O/N 17/P21/Q1,1,,40,booklet,,
O/N 17/P23/Q1,1,,41,booklet,,
M/J 17/P22/Q1,1,,42,booklet,,
M/J 17/P21/Q1,1,,43,booklet,,
M/J 17/P23/Q1,1,,44,booklet,,
O/N 17/P22/Q1,1,,46,booklet,,
O/N 17/P21/Q2,2,,132,booklet,,
M/J 17/P22/Q2,2,,132,booklet,,
O/N 17/P23/Q3,3,,230,booklet,,
M/J 17/P22/Q4,3,,231,booklet,,
M/J 17/P21/Q2,3,,231,booklet,,
M/J 17/P23/Q2,3,,233,booklet,,
O/N 17/P22/Q2,4,,325,booklet,,
O/N 17/P23/Q2,4,,325,booklet,,
M/J 17/P21/Q3,4,,327,booklet,,
O/N 17/P22/Q3,6,,495,booklet,,
O/N 17/P21/Q4,6,,496,booklet,,
M/J 17/P22/Q3,6,,497,booklet,,
M/J 17/P23/Q4,6,,498,booklet,,
M/J 17/P22/Q5,7,,559,booklet,,
M/J 17/P21/Q5,7,,560,booklet,,
O/N 17/P21/Q3,8,,640,booklet,,
M/J 17/P22/Q6,8,,641,booklet,,
M/J 17/P21/Q4,8,,643,booklet,,
M/J 17/P23/Q5,8,,644,booklet,,
O/N 17/P22/Q5,9,,712,booklet,,
O/N 17/P21/Q7,9,,713,booklet,,
O/N 17/P23/Q6,9,,715,booklet,,
M/J 17/P21/Q6,9,,715,booklet,,
M/J 17/P23/Q6,9,,717,booklet,,
O/N 17/P21/Q5,10,,808,booklet,,
M/J 17/P22/Q7,10,,809,booklet,,
O/N 16/P22/Q1,1,,47,booklet,,
M/J 16/P23/Q1,1,,48,booklet,,
O/N 16/P21/Q1,1,,49,booklet,,
M/J 16/P21/Q1,1,,50,booklet,,
M/J 16/P23/Q2,1,,51,booklet,,
M/J 16/P21/Q2,2,,134,booklet,,
O/N 16/P22/Q2,3,,235,booklet,,
M/J 16/P22/Q1,3,,236,booklet,,
M/J 16/P21/Q3,3,,238,booklet,,
M/J 16/P23/Q5,3,,239,booklet,,
O/N 16/P22/Q3,4,,328,booklet,,
M/J 16/P22/Q2,4,,329,booklet,,
M/J 16/P23/Q4,4,,331,booklet,,
M/J 16/P23/Q3,5,,403,booklet,,
O/N 16/P21/Q3,6,,499,booklet,,
M/J 16/P22/Q3,6,,500,booklet,,
M/J 16/P21/Q4,6,,500,booklet,,
O/N 16/P21/Q4,7,,561,booklet,,
M/J 16/P22/Q4,7,,562,booklet,,
O/N 16/P22/Q4,8,,646,booklet,,
O/N 16/P21/Q6,9,,719,booklet,,
M/J 16/P21/Q6,9,,720,booklet,,
M/J 16/P23/Q6,9,,722,booklet,,
O/N 16/P22/Q5,10,,810,booklet,,
M/J 16/P22/Q7,10,,813,booklet,,
O/N 15/P22/Q1,1,,52,booklet,,
O/N 15/P21/Q1,1,,52,booklet,,
O/N 15/P23/Q1,1,,54,booklet,,
M/J 15/P22/Q1,1,,55,booklet,,
M/J 15/P21/Q1,1,,55,booklet,,
M/J 15/P23/Q1,1,,55,booklet,,
O/N 15/P21/Q2,1,,57,booklet,,
O/N 15/P22/Q2,2,,134,booklet,,
O/N 15/P21/Q3,2,,136,booklet,,
M/J 15/P22/Q2,2,,137,booklet,,
M/J 15/P21/Q2,2,,138,booklet,,
M/J 15/P23/Q2,2,,140,booklet,,
O/N 15/P23/Q4,3,,241,booklet,,
M/J 15/P22/Q4,3,,242,booklet,,
M/J 15/P21/Q3,3,,243,booklet,,
O/N 15/P22/Q4,4,,332,booklet,,
O/N 15/P21/Q4,4,,333,booklet,,
M/J 15/P22/Q3,4,,334,booklet,,
O/N 15/P23/Q8,5,,405,booklet,,
M/J 15/P23/Q3,5,,406,booklet,,
O/N 15/P22/Q3,6,,502,booklet,,
O/N 15/P23/Q7,6,,503,booklet,,
O/N 15/P21/Q5,7,,563,booklet,,
O/N 15/P22/Q6,9,,723,booklet,,
O/N 15/P23/Q5,9,,723,booklet,,
M/J 15/P22/Q5,9,,725,booklet,,
M/J 15/P21/Q5,9,,726,booklet,,
M/J 15/P23/Q5,9,,729,booklet,,
O/N 15/P22/Q5,10,,814,booklet,,
O/N 14/P21/Q1,1,,58,booklet,,
O/N 14/P23/Q1,1,,59,booklet,,
M/J 14/P22/Q1,1,,59,booklet,,
M/J 14/P23/Q1,1,,60,booklet,,
O/N 14/P21/Q2,1,,61,booklet,,
O/N 14/P23/Q2,1,,61,booklet,,
M/J 14/P22/Q2,1,,63,booklet,,
O/N 14/P22/Q2,2,,142,booklet,,
M/J 14/P21/Q1,2,,143,booklet,,
M/J 14/P23/Q2,2,,145,booklet,,
O/N 14/P22/Q1/c,3,,244,booklet,,
O/N 14/P21/Q5,5,,406,booklet,,
M/J 14/P22/Q4,5,,408,booklet,,
M/J 14/P21/Q2,5,,409,booklet,,
M/J 14/P23/Q3,5,,409,booklet,,
O/N 14/P22/Q1/b,7,,564,booklet,,
O/N 14/P23/Q7,7,,565,booklet,,
M/J 14/P21/Q5,7,,566,booklet,,
O/N 14/P21/Q3,9,,729,booklet,,
M/J 14/P21/Q6,9,,731,booklet,,
O/N 14/P22/Q5,10,,815,booklet,,
O/N 14/P21/Q7,10,,817,booklet,,
O/N 14/P23/Q6,10,,818,booklet,,
O/N 13/P21/Q1,1,,64,booklet,,
O/N 13/P23/Q1,1,,65,booklet,,
O/N 13/P21/Q2,1,,66,booklet,,
O/N 13/P23/Q2,1,,67,booklet,,
O/N 13/P23/Q3,2,,146,booklet,,
M/J 13/P23/Q2,2,,147,booklet,,
O/N 13/P21/Q3,5,,412,booklet,,
O/N 13/P23/Q4,5,,414,booklet,,
M/J 13/P21/Q3,5,,415,booklet,,
O/N 13/P21/Q5,7,,568,booklet,,
O/N 13/P23/Q5,7,,568,booklet,,
