level	page_num	block_num	par_num	line_num	word_num	left	top	width	height	conf	text
1	1	0	0	0	0	0	0	2480	3507	-1	
2	1	1	0	0	0	135	245	2089	66	-1	
3	1	1	1	0	0	135	245	2089	66	-1	
4	1	1	1	1	0	135	245	2089	33	-1	
5	1	1	1	1	1	135	246	113	32	96.677658	Physics
5	1	1	1	1	2	258	246	24	25	96.914703	A
5	1	1	1	1	3	292	245	77	26	93.297623	Level
5	1	1	1	1	4	382	246	50	25	93.045044	P-2
5	1	1	1	1	5	443	245	105	32	96.645699	Topical
5	1	1	1	1	6	559	245	149	26	96.669861	Workbook
5	1	1	1	1	7	1149	247	52	25	96.468636	167
5	1	1	1	1	8	1874	248	57	26	96.466927	Unit
5	1	1	1	1	9	1940	249	25	25	96.697258	4:
5	1	1	1	1	10	1976	249	129	26	96.801468	Answers
5	1	1	1	1	11	2116	249	108	26	96.869972	Section
4	1	1	1	2	0	971	285	418	26	-1	
5	1	1	1	2	1	971	285	77	26	96.691360	Read
5	1	1	1	2	2	1058	285	54	26	96.322769	and
5	1	1	1	2	3	1123	285	76	26	96.077530	Write
5	1	1	1	2	4	1211	285	178	26	96.877220	Publications
2	1	2	0	0	0	162	649	384	38	-1	
3	1	2	1	0	0	162	649	384	38	-1	
4	1	2	1	1	0	162	649	384	38	-1	
5	1	2	1	1	1	162	650	34	35	71.370392	1.
5	1	2	1	1	2	239	650	72	35	87.775429	M/J
5	1	2	1	1	3	328	649	218	38	91.163513	23/P22/Q3
2	1	3	0	0	0	236	703	1963	309	-1	
3	1	3	1	0	0	236	703	1963	309	-1	
4	1	3	1	1	0	237	703	1962	49	-1	
5	1	3	1	1	1	237	704	56	46	95.356110	(a)
5	1	3	1	1	2	334	703	39	46	90.331406	(i)
5	1	3	1	1	3	426	706	75	34	90.331406	rate
5	1	3	1	1	4	517	704	39	36	96.446510	of
5	1	3	1	1	5	567	705	147	44	95.886162	change
5	1	3	1	1	6	728	705	40	35	94.869957	of
5	1	3	1	1	7	781	707	228	33	94.869957	momentum
5	1	3	1	1	8	2153	709	46	43	94.301140	[1]
4	1	3	1	2	0	330	770	938	49	-1	
5	1	3	1	2	1	330	770	50	46	82.642242	(ii)
5	1	3	1	2	2	427	775	148	43	94.720161	change
5	1	3	1	2	3	591	775	31	34	95.916832	in
5	1	3	1	2	4	638	776	227	34	95.916832	momentum
5	1	3	1	2	5	881	784	24	16	95.775673	=
5	1	3	1	2	6	922	775	76	44	91.154739	(1.4
5	1	3	1	2	7	1011	794	29	6	67.243858	—
5	1	3	1	2	8	1052	775	103	44	96.424698	0.80)
5	1	3	1	2	9	1167	788	21	22	96.156876	x
5	1	3	1	2	10	1207	775	61	35	96.904739	3.0
4	1	3	1	3	0	880	833	1318	51	-1	
5	1	3	1	3	1	880	846	24	15	78.379753	=
5	1	3	1	3	2	923	833	226	48	0.000000	1.8kgms“
5	1	3	1	3	3	2151	840	47	44	75.779312	[2]
4	1	3	1	4	0	236	904	843	47	-1	
5	1	3	1	4	1	236	905	55	46	92.623703	(b)
5	1	3	1	4	2	333	904	39	46	81.775726	(i)
5	1	3	1	4	3	426	905	174	35	90.264923	resultant
5	1	3	1	4	4	612	905	100	36	96.559975	force
5	1	3	1	4	5	728	905	63	45	96.559975	(on
5	1	3	1	4	6	808	906	121	44	96.483322	block)
5	1	3	1	4	7	946	906	29	35	96.495651	is
5	1	3	1	4	8	989	915	90	26	96.495651	zero
4	1	3	1	5	0	427	964	1770	48	-1	
5	1	3	1	5	1	427	964	76	44	96.233887	(so)
5	1	3	1	5	2	517	964	151	44	96.587715	velocity
5	1	3	1	5	3	683	964	29	35	96.835304	is
5	1	3	1	5	4	727	966	175	33	95.882187	constant
5	1	3	1	5	5	2151	968	46	44	87.334747	[2]
2	1	4	0	0	0	328	1037	620	165	-1	
3	1	4	1	0	0	328	1037	620	165	-1	
4	1	4	1	1	0	328	1037	507	46	-1	
5	1	4	1	1	1	328	1037	50	46	85.902832	(ii)
5	1	4	1	1	2	427	1038	135	35	91.118881	P=Fv
5	1	4	1	1	3	583	1046	46	27	92.453217	or
5	1	4	1	1	4	655	1037	180	36	90.804008	P=Fs/t
4	1	4	1	2	0	427	1100	521	45	-1	
5	1	4	1	2	1	427	1110	58	25	76.639366	v=
5	1	4	1	2	2	500	1100	181	36	85.903656	2.0/0.80
5	1	4	1	2	3	697	1100	38	45	95.412895	(=
5	1	4	1	2	4	751	1101	62	35	92.307007	2.5
5	1	4	1	2	5	830	1101	118	44	38.513470	ms-*)
4	1	4	1	3	0	423	1165	401	37	-1	
5	1	4	1	3	1	423	1165	169	35	96.270020	distance
5	1	4	1	3	2	608	1175	24	15	87.848404	=
5	1	4	1	3	3	645	1166	62	34	87.848404	2.5
5	1	4	1	3	4	726	1176	20	21	96.051033	x
5	1	4	1	3	5	753	1165	71	37	96.051033	3.0
2	1	5	0	0	0	426	1230	330	77	-1	
3	1	5	1	0	0	426	1230	330	77	-1	
4	1	5	1	1	0	609	1230	147	35	-1	
5	1	5	1	1	1	609	1230	147	35	88.908081	=7.5m
4	1	5	1	2	0	426	1280	46	27	-1	
5	1	5	1	2	1	426	1280	46	27	96.953888	or
2	1	6	0	0	0	231	1332	1963	417	-1	
3	1	6	1	0	0	231	1332	1963	417	-1	
4	1	6	1	1	0	425	1332	447	36	-1	
5	1	6	1	1	1	425	1332	170	36	90.335403	P=W/t
5	1	6	1	1	2	619	1341	46	27	93.203674	or
5	1	6	1	1	3	690	1333	182	35	91.082977	P=Fs/t
4	1	6	1	2	0	428	1395	451	47	-1	
5	1	6	1	2	1	428	1395	29	35	92.949226	W
5	1	6	1	2	2	482	1407	16	16	96.521500	=
5	1	6	1	2	3	520	1397	62	35	96.122894	2.0
5	1	6	1	2	4	597	1409	21	20	96.122894	x
5	1	6	1	2	5	633	1398	61	35	96.258293	3.0
5	1	6	1	2	6	710	1398	39	44	81.761475	(=
5	1	6	1	2	7	764	1398	62	35	81.761475	6.0
5	1	6	1	2	8	841	1398	38	44	96.805832	J)
4	1	6	1	3	0	422	1460	405	35	-1	
5	1	6	1	3	1	422	1461	169	34	96.160263	distance
5	1	6	1	3	2	606	1470	24	16	95.581825	=
5	1	6	1	3	3	645	1461	61	34	77.510902	6.0
5	1	6	1	3	4	718	1460	109	35	77.510902	/0.80
4	1	6	1	4	0	607	1522	1587	47	-1	
5	1	6	1	4	1	607	1522	148	34	87.672668	=7.5m
5	1	6	1	4	2	2149	1525	45	44	95.501740	[3]
4	1	6	1	5	0	231	1579	1228	46	-1	
5	1	6	1	5	1	231	1579	53	46	92.674942	(c)
5	1	6	1	5	2	325	1580	195	35	87.733070	Oto3.0s:
5	1	6	1	5	3	584	1580	145	43	89.784576	upward
5	1	6	1	5	4	746	1580	144	44	96.032845	sloping
5	1	6	1	5	5	906	1580	153	44	96.137520	straight
5	1	6	1	5	6	1072	1580	69	35	96.137520	line
5	1	6	1	5	7	1154	1580	90	35	96.757622	from
5	1	6	1	5	8	1259	1580	63	35	96.241478	the
5	1	6	1	5	9	1336	1580	123	44	96.241478	origin.
4	1	6	1	6	0	324	1640	1698	47	-1	
5	1	6	1	6	1	324	1641	62	35	96.759796	3.0
5	1	6	1	6	2	401	1642	38	34	96.740524	to
5	1	6	1	6	3	454	1640	61	36	92.881607	6.0
5	1	6	1	6	4	529	1649	32	27	91.975403	s:
5	1	6	1	6	5	591	1641	194	36	96.810120	horizontal
5	1	6	1	6	6	802	1641	69	36	96.928925	line
5	1	6	1	6	7	887	1643	38	34	97.004639	at
5	1	6	1	6	8	940	1650	179	27	96.739647	non-zero
5	1	6	1	6	9	1133	1641	107	36	96.123566	value
5	1	6	1	6	10	1255	1641	40	36	96.894722	of
5	1	6	1	6	11	1308	1642	226	34	96.419220	momentum
5	1	6	1	6	12	1549	1641	79	35	96.667336	with
5	1	6	1	6	13	1646	1651	48	26	96.947037	no
5	1	6	1	6	14	1710	1642	93	45	96.523064	‘step
5	1	6	1	6	15	1818	1643	156	44	95.085876	change’
5	1	6	1	6	16	1991	1643	31	35	96.806328	in
4	1	6	1	7	0	328	1703	1866	46	-1	
5	1	6	1	7	1	328	1704	227	33	96.365913	momentum
5	1	6	1	7	2	571	1704	37	33	93.270668	at
5	1	6	1	7	3	622	1703	87	35	92.544510	3.0s
5	1	6	1	7	4	2148	1706	46	43	94.543610	[2]
2	1	7	0	0	0	153	1801	1774	105	-1	
3	1	7	1	0	0	153	1801	1774	105	-1	
4	1	7	1	1	0	153	1801	387	38	-1	
5	1	7	1	1	1	153	1802	36	35	89.388428	2.
5	1	7	1	1	2	232	1802	72	35	69.264412	M/J
5	1	7	1	1	3	321	1801	219	38	83.786339	23/P21/Q3
4	1	7	1	2	0	230	1859	1697	47	-1	
5	1	7	1	2	1	230	1859	56	46	95.690643	(a)
5	1	7	1	2	2	327	1860	206	45	95.690643	(resultant)
5	1	7	1	2	3	545	1860	101	35	96.238197	force
5	1	7	1	2	4	662	1860	62	44	96.168373	(on
5	1	7	1	2	5	741	1869	47	26	96.750351	an
5	1	7	1	2	6	804	1860	139	45	96.764267	object)
5	1	7	1	2	7	959	1861	30	35	96.424019	is
5	1	7	1	2	8	1005	1861	239	43	96.864647	proportional
5	1	7	1	2	9	1259	1860	61	36	81.681198	to
5	1	7	1	2	10	1312	1855	14	55	81.681198	/
5	1	7	1	2	11	1329	1860	111	44	96.299431	equal
5	1	7	1	2	12	1455	1862	37	33	96.299431	to
5	1	7	1	2	13	1506	1860	63	35	96.956917	the
5	1	7	1	2	14	1585	1862	76	34	96.912941	rate
5	1	7	1	2	15	1675	1861	40	35	96.751617	of
5	1	7	1	2	16	1726	1862	148	44	96.557030	change
5	1	7	1	2	17	1888	1862	39	35	96.942017	of
2	1	8	0	0	0	228	1904	1964	309	-1	
3	1	8	1	0	0	228	1904	1964	309	-1	
4	1	8	1	1	0	328	1904	1863	62	-1	
5	1	8	1	1	1	328	1904	226	62	96.770683	momentum
5	1	8	1	1	2	2145	1918	46	44	91.462799	[1]
4	1	8	1	2	0	228	1979	812	49	-1	
5	1	8	1	2	1	228	1983	56	45	92.226585	(b)
5	1	8	1	2	2	325	1983	40	45	77.423859	(i)
5	1	8	1	2	3	419	1983	175	35	13.501938	resultant
5	1	8	1	2	4	606	1983	100	35	13.501938	force
5	1	8	1	2	5	752	1993	23	16	0.453033	=
5	1	8	1	2	6	790	1992	73	36	0.453033	e.g.
5	1	8	1	2	7	880	1979	160	40	83.380363	6.0/4.0
4	1	8	1	3	0	755	2043	1436	47	-1	
5	1	8	1	3	1	755	2043	144	35	75.554886	=1.5N
5	1	8	1	3	2	2146	2046	45	44	86.804108	[1]
4	1	8	1	4	0	325	2106	469	46	-1	
5	1	8	1	4	1	325	2106	50	46	68.623604	(ii)
5	1	8	1	4	2	422	2107	101	36	91.494034	force
5	1	8	1	4	3	538	2107	63	35	81.372177	X=
5	1	8	1	4	4	620	2107	58	36	75.455597	1.5
5	1	8	1	4	5	693	2113	23	24	75.455597	+
5	1	8	1	4	6	732	2107	62	36	78.013763	2.0
4	1	8	1	5	0	577	2167	1615	46	-1	
5	1	8	1	5	1	577	2177	24	15	52.457714	=
5	1	8	1	5	2	616	2167	102	35	52.457714	3.5N
5	1	8	1	5	3	2145	2170	47	43	94.720253	[1]
2	1	9	0	0	0	227	2235	1964	167	-1	
3	1	9	1	0	0	227	2235	1964	167	-1	
4	1	9	1	1	0	227	2235	1390	45	-1	
5	1	9	1	1	1	227	2235	53	45	90.878883	(c)
5	1	9	1	1	2	326	2236	91	35	73.991753	from
5	1	9	1	1	3	435	2235	87	35	73.991753	t=0
5	1	9	1	1	4	537	2237	37	33	20.630074	to
5	1	9	1	1	5	589	2236	50	34	20.630074	t=
5	1	9	1	1	6	652	2236	106	35	30.726135	4.0s:
5	1	9	1	1	7	776	2236	199	35	96.414223	horizontal
5	1	9	1	1	8	991	2236	70	35	96.289200	line
5	1	9	1	1	9	1075	2237	39	34	95.972176	at
5	1	9	1	1	10	1127	2245	72	34	95.972176	any
5	1	9	1	1	11	1215	2244	178	27	96.735855	non-zero
5	1	9	1	1	12	1407	2235	109	35	96.825226	value
5	1	9	1	1	13	1532	2235	40	35	93.259346	of
5	1	9	1	1	14	1580	2236	37	34	92.519829	X
4	1	9	1	2	0	326	2296	985	35	-1	
5	1	9	1	2	1	326	2296	91	35	93.255760	from
5	1	9	1	2	2	434	2297	14	34	74.972443	t
5	1	9	1	2	3	461	2306	23	15	92.674820	=
5	1	9	1	2	4	499	2296	23	35	92.674820	0
5	1	9	1	2	5	537	2297	36	34	95.228912	to
5	1	9	1	2	6	589	2297	49	34	93.046486	f=
5	1	9	1	2	7	651	2296	63	35	43.366699	4.0
5	1	9	1	2	8	726	2305	32	26	43.366699	s:
5	1	9	1	2	9	776	2296	198	35	96.321335	horizontal
5	1	9	1	2	10	991	2296	70	35	96.293991	line
5	1	9	1	2	11	1075	2298	38	33	93.067543	at
5	1	9	1	2	12	1139	2296	18	35	91.486435	X
5	1	9	1	2	13	1171	2306	23	15	89.073753	=
5	1	9	1	2	14	1210	2296	101	35	88.785736	3.5N
4	1	9	1	3	0	325	2356	1866	46	-1	
5	1	9	1	3	1	325	2356	91	35	93.168312	from
5	1	9	1	3	2	434	2357	13	34	92.499268	t
5	1	9	1	3	3	461	2366	23	15	91.396484	=
5	1	9	1	3	4	498	2356	94	35	86.398262	4.0s
5	1	9	1	3	5	606	2358	37	33	96.816597	to
5	1	9	1	3	6	659	2357	48	34	82.850319	t=
5	1	9	1	3	7	723	2356	106	36	39.057178	6.0:
5	1	9	1	3	8	847	2356	200	36	96.065964	horizontal
5	1	9	1	3	9	1062	2357	69	34	96.065964	line
5	1	9	1	3	10	1146	2358	38	33	92.478363	at
5	1	9	1	3	11	1194	2356	37	35	92.478363	X
5	1	9	1	3	12	1240	2366	24	15	92.660767	=
5	1	9	1	3	13	1279	2356	103	35	88.257744	2.0N
5	1	9	1	3	14	2145	2359	46	43	95.704102	[3]
2	1	10	0	0	0	147	2454	1382	100	-1	
3	1	10	1	0	0	147	2454	1382	100	-1	
4	1	10	1	1	0	147	2454	387	38	-1	
5	1	10	1	1	1	147	2455	35	35	86.503799	3.
5	1	10	1	1	2	226	2454	72	36	76.314804	MiJ
5	1	10	1	1	3	314	2454	220	38	86.984367	23/P23/Q3
4	1	10	1	2	0	225	2509	1304	45	-1	
5	1	10	1	2	1	225	2509	55	45	92.285576	(a)
5	1	10	1	2	2	323	2509	209	44	90.842178	sum/total
5	1	10	1	2	3	546	2511	225	35	96.743965	momentum
5	1	10	1	2	4	789	2510	129	36	96.387848	before
5	1	10	1	2	5	934	2520	24	16	96.897270	=
5	1	10	1	2	6	973	2510	111	36	29.476578	sum
5	1	10	1	2	7	1091	2510	88	43	29.476578	/total
5	1	10	1	2	8	1193	2511	227	35	96.291695	momentum
5	1	10	1	2	9	1436	2509	93	36	96.387070	after
2	1	11	0	0	0	223	2572	1967	564	-1	
3	1	11	1	0	0	223	2572	1967	564	-1	
4	1	11	1	1	0	318	2572	1182	92	-1	
5	1	11	1	1	1	318	2572	92	92	83.002548	sum
5	1	11	1	1	2	420	2615	14	36	6.059433	/
5	1	11	1	1	3	442	2616	102	42	6.059433	total
5	1	11	1	1	4	545	2617	225	34	96.626701	momentum
5	1	11	1	1	5	788	2615	54	45	96.457420	(of
5	1	11	1	1	6	855	2624	23	27	96.501816	a
5	1	11	1	1	7	894	2617	146	43	96.501816	system
5	1	11	1	1	8	1054	2615	40	36	95.875671	of
5	1	11	1	1	9	1106	2615	158	45	96.434891	objects)
5	1	11	1	1	10	1281	2616	29	35	96.387062	is
5	1	11	1	1	11	1325	2617	175	34	96.698006	constant
4	1	11	1	2	0	325	2680	1865	46	-1	
5	1	11	1	2	1	325	2680	23	35	96.998299	if
5	1	11	1	2	2	362	2689	48	26	96.010384	no
5	1	11	1	2	3	426	2680	204	44	96.481979	(resultant)
5	1	11	1	2	4	645	2680	162	36	96.728119	external
5	1	11	1	2	5	822	2680	103	36	92.229141	force
5	1	11	1	2	6	935	2680	14	36	92.229141	/
5	1	11	1	2	7	957	2680	57	36	96.958099	for
5	1	11	1	2	8	1026	2689	50	27	96.662071	an
5	1	11	1	2	9	1092	2681	153	35	96.127800	isolated
5	1	11	1	2	10	1261	2682	144	42	96.437401	system
5	1	11	1	2	11	2144	2683	46	43	92.281998	[2]
4	1	11	1	3	0	223	2748	609	46	-1	
5	1	11	1	3	1	223	2748	55	46	91.408348	(b)
5	1	11	1	3	2	322	2749	39	45	91.449242	(i)
5	1	11	1	3	3	413	2752	374	35	68.595192	3mx4=mxvsin
5	1	11	1	3	4	807	2754	25	34	68.595192	@
4	1	11	1	4	0	413	2822	281	45	-1	
5	1	11	1	4	1	413	2822	106	45	93.089523	(vsin
5	1	11	1	4	2	540	2824	24	34	23.860657	8
5	1	11	1	4	3	591	2832	23	16	87.511452	=
5	1	11	1	4	4	633	2823	61	44	87.511452	12)
4	1	11	1	5	0	413	2890	434	36	-1	
5	1	11	1	5	1	413	2890	389	36	76.497261	2mx6=mxvcos
5	1	11	1	5	2	822	2891	25	35	55.079681	@
4	1	11	1	6	0	412	2961	275	44	-1	
5	1	11	1	6	1	412	2961	121	44	52.740231	(vcos
5	1	11	1	6	2	551	2962	56	34	0.000000	O=
5	1	11	1	6	3	626	2961	61	44	96.808762	12)
4	1	11	1	7	0	414	3024	734	36	-1	
5	1	11	1	7	1	414	3024	184	36	95.843346	therefore
5	1	11	1	7	2	612	3025	57	35	93.038574	sin
5	1	11	1	7	3	688	3026	56	33	0.000000	0=
5	1	11	1	7	4	760	3033	70	27	41.486088	cos
5	1	11	1	7	5	849	3026	26	34	66.507584	6
5	1	11	1	7	6	906	3034	46	26	95.328835	or
5	1	11	1	7	7	976	3026	64	34	92.576393	tan
5	1	11	1	7	8	1059	3026	57	34	57.214371	0=
5	1	11	1	7	9	1135	3025	13	34	95.605026	1
4	1	11	1	8	0	414	3091	1775	45	-1	
5	1	11	1	8	1	414	3093	26	34	55.542801	0
5	1	11	1	8	2	459	3101	23	16	91.943787	=
5	1	11	1	8	3	497	3091	67	35	91.943787	45°
5	1	11	1	8	4	2143	3093	46	43	92.838432	[3]
2	1	12	0	0	0	315	3144	504	90	-1	
3	1	12	1	0	0	315	3144	504	90	-1	
4	1	12	1	1	0	315	3144	504	44	-1	
5	1	12	1	1	1	315	3144	49	44	82.599190	(ii)
5	1	12	1	1	2	410	3155	64	26	63.444916	mv
5	1	12	1	1	3	487	3158	21	21	53.285561	x
5	1	12	1	1	4	523	3155	70	26	53.285561	cos
5	1	12	1	1	5	606	3147	68	34	93.107346	45°
5	1	12	1	1	6	690	3157	24	15	82.972221	=
5	1	12	1	1	7	733	3147	86	34	82.972221	12m
4	1	12	1	2	0	412	3208	47	26	-1	
5	1	12	1	2	1	412	3208	47	26	96.993668	or
